,Attrition,Age,DistanceFromHome,HourlyRate,DailyRate,MonthlyRate,MonthlyIncome,PercentSalaryHike,TotalWorkingYears,YearsAtCompany,YearsInCurrentRole,YearsSinceLastPromotion,YearsWithCurrManager,NumCompaniesWorked,TrainingTimesLastYear
0,1,41,1,94,1102,19479,5993,11,8,6,4,0,5,8,0
1,0,49,8,61,279,24907,5130,23,10,10,7,1,7,1,3
2,1,37,2,92,1373,2396,2090,15,7,0,0,0,0,6,3
3,0,33,3,56,1392,23159,2909,11,8,8,7,3,0,1,3
4,0,27,2,40,591,16632,3468,12,6,2,2,2,2,9,3
5,0,32,2,79,1005,11864,3068,13,8,7,7,3,6,0,2
6,0,59,3,81,1324,9964,2670,20,12,1,0,0,0,4,3
7,0,30,24,67,1358,13335,2693,22,1,1,0,0,0,1,2
8,0,38,23,44,216,8787,9526,21,10,9,7,1,8,0,2
9,0,36,27,94,1299,16577,5237,13,17,7,7,7,7,6,3
10,0,35,16,84,809,16479,2426,13,6,5,4,0,3,0,5
11,0,29,15,49,153,12682,4193,12,10,9,5,0,8,0,3
12,0,31,26,31,670,15170,2911,17,5,5,2,4,3,1,1
13,0,34,19,93,1346,8758,2661,11,3,2,2,1,2,0,2
14,1,28,24,50,103,12947,2028,14,6,4,2,0,3,5,4
15,0,29,21,51,1389,10195,9980,11,10,10,9,8,8,1,1
16,0,32,5,80,334,15053,3298,12,7,6,2,0,5,0,5
17,0,22,16,96,1123,7324,2935,13,1,1,0,0,0,1,2
18,0,53,2,78,1219,22021,15427,16,31,25,8,3,7,2,3
19,0,38,2,45,371,4306,3944,11,6,3,2,1,2,5,3
20,0,24,11,96,673,8232,4011,18,5,4,2,1,3,0,5
21,1,36,9,82,1218,6986,3407,23,10,5,3,0,3,7,4
22,0,34,7,53,419,21293,11994,11,13,12,6,2,11,0,4
23,0,21,15,96,391,19281,1232,14,0,0,0,0,0,1,6
24,1,34,6,83,699,17102,2960,11,8,4,2,1,3,2,2
25,0,53,5,58,1282,10735,19094,11,26,14,13,4,8,4,3
26,1,32,16,72,1125,4681,3919,22,10,10,2,6,7,1,5
27,0,42,8,48,691,21173,6825,11,10,9,7,4,2,0,2
28,0,44,7,42,477,2094,10248,14,24,22,6,5,17,3,4
29,0,46,2,83,705,22822,18947,12,22,2,2,2,1,3,2
30,0,33,2,78,924,6670,2496,11,7,1,1,0,0,4,3
31,0,44,10,41,1459,19121,6465,13,9,4,2,1,3,2,5
32,0,30,9,83,125,16117,2206,13,10,10,0,1,8,1,5
33,1,39,5,56,895,3335,2086,14,19,1,0,0,0,3,6
34,1,24,1,61,813,3020,2293,16,6,2,0,2,0,2,2
35,0,43,2,72,1273,21923,2645,12,6,5,3,1,4,1,3
36,1,50,3,86,869,3810,2683,14,3,3,2,0,2,1,2
37,0,35,2,97,890,9687,2014,13,2,2,2,2,2,1,3
38,0,36,5,82,852,13072,3419,14,6,1,1,0,0,9,3
39,0,33,1,42,1141,3193,5376,19,10,5,3,1,3,2,3
40,0,35,4,75,464,10910,1951,12,1,1,0,0,0,1,3
41,0,27,2,33,1240,19715,2341,13,1,1,0,0,0,1,6
42,1,26,25,48,1357,10558,2293,12,1,1,0,0,1,1,2
43,0,27,8,37,994,2975,8726,15,9,9,8,1,7,1,0
44,0,30,1,58,721,10781,4011,23,12,12,8,3,7,1,2
45,1,41,12,49,1360,16280,19545,12,23,22,15,15,8,1,0
46,0,34,23,72,1065,10034,4568,20,10,9,5,8,7,0,2
47,0,37,19,73,408,10227,3022,21,8,1,0,0,0,4,1
48,0,46,5,98,1211,20445,5772,21,14,9,6,0,8,4,4
49,0,35,8,36,1229,4892,2269,19,1,1,0,0,1,1,2
50,1,48,1,98,626,19294,5381,13,23,1,0,0,0,9,2
51,1,28,5,50,1434,11179,3441,13,2,2,2,2,2,1,3
52,0,44,1,75,1488,4009,5454,21,9,4,3,1,3,5,2
53,0,35,11,79,1097,8302,9884,13,10,4,0,2,3,2,3
54,0,26,23,47,1443,21436,4157,19,5,2,2,0,0,7,2
55,0,33,1,98,515,15146,13458,12,15,15,14,8,12,1,1
56,0,35,18,71,853,11031,9069,22,9,9,8,1,8,1,3
57,0,35,23,30,1142,16002,4014,15,4,2,2,2,2,3,3
58,0,31,7,48,655,9528,5915,22,10,7,7,1,7,3,3
59,0,37,1,51,1115,2689,5993,18,7,7,5,0,7,1,2
60,0,32,1,33,427,10877,6162,22,9,9,8,7,8,1,3
61,0,38,29,50,653,5456,2406,11,10,10,3,9,9,1,2
62,0,50,7,43,989,16701,18740,12,29,27,3,13,8,5,2
63,0,59,25,99,1435,2354,7637,11,28,21,16,7,9,7,3
64,0,36,8,59,1223,8202,10096,13,17,17,14,12,8,1,2
65,0,55,8,33,836,19730,14756,14,21,5,0,0,2,2,2
66,0,36,11,95,1195,22656,6499,13,6,6,5,0,3,1,3
67,0,45,7,59,1339,18787,9724,17,25,1,0,0,0,2,2
68,0,35,1,79,664,5868,2194,13,5,3,2,1,2,4,2
69,1,36,9,79,318,21777,3388,17,2,1,0,0,0,0,0
70,0,59,1,57,1225,24668,5473,11,20,4,3,1,3,7,2
71,0,29,2,76,1328,4956,2703,23,6,5,4,0,4,0,3
72,0,31,1,87,1082,18775,2501,17,1,1,1,1,0,1,4
73,0,32,1,66,548,7346,6220,17,10,10,4,0,9,1,3
74,0,36,6,55,132,22002,3038,12,5,1,0,0,0,3,3
75,0,31,8,61,746,20682,4424,23,11,11,7,1,8,1,2
76,0,35,1,32,776,23016,4312,14,16,15,13,2,8,0,2
77,0,45,6,52,193,15067,13245,14,17,0,0,0,0,4,3
78,0,37,7,30,397,25258,13664,13,16,5,2,0,2,4,3
79,0,46,5,80,945,10425,5021,22,16,4,2,0,2,8,2
80,0,30,1,55,852,15998,5126,12,10,10,8,3,0,1,1
81,0,35,1,30,1214,26278,2859,18,6,6,4,0,4,1,3
82,0,55,1,70,111,18092,10239,14,24,1,0,1,0,3,4
83,0,38,6,79,573,15717,5329,12,17,13,11,1,9,7,3
84,0,34,1,94,1153,17736,4325,15,5,5,2,1,3,1,2
85,0,56,7,49,1400,21698,7260,11,37,6,4,0,2,4,3
86,0,23,2,62,541,9518,2322,13,3,0,0,0,0,3,3
87,0,51,9,96,432,18725,2075,23,10,4,2,0,3,3,4
88,0,30,2,99,288,15830,4152,19,11,11,10,10,8,1,3
89,1,46,9,64,669,13596,9619,16,9,9,8,4,7,1,3
90,0,40,1,78,530,14115,13503,22,22,22,3,11,11,1,3
91,0,51,21,71,632,8423,5441,22,11,10,7,1,0,0,2
92,0,30,4,63,1334,19760,5209,12,11,11,8,2,7,1,4
93,0,46,1,40,638,3142,10673,13,21,10,9,9,5,2,5
94,0,32,6,87,1093,24301,5010,16,12,11,8,5,7,1,0
95,0,54,2,60,1217,24001,13549,12,16,4,3,0,3,9,5
96,0,24,3,33,1353,17519,4999,21,4,3,2,0,2,0,2
97,0,28,4,43,120,8863,4221,15,5,5,4,0,4,1,3
98,0,58,10,37,682,24409,13872,13,38,37,10,1,8,0,1
99,0,44,23,67,489,25043,2042,12,17,3,2,1,2,4,3
100,1,37,6,63,807,23648,2073,22,7,3,2,0,2,4,3
101,0,32,1,71,827,15178,2956,13,1,1,0,0,0,1,2
102,1,20,6,66,871,19783,2926,18,1,1,0,1,0,1,5
103,0,34,6,41,665,12482,4809,14,16,16,13,2,10,1,3
104,0,37,2,100,1040,15850,5163,14,17,1,0,0,0,5,2
105,0,59,2,32,1420,21922,18844,21,30,3,2,2,2,9,3
106,0,50,1,73,1115,9755,18172,19,28,8,3,0,7,3,1
107,1,25,5,46,240,26959,5744,11,6,6,4,0,3,1,1
108,0,25,7,64,1280,26897,2889,11,2,2,2,2,1,1,2
109,0,22,15,59,534,23785,2871,15,1,0,0,0,0,1,5
110,0,51,1,30,1456,25796,7484,20,23,13,12,12,8,3,1
111,1,34,7,66,658,22887,6074,24,9,9,7,0,6,1,3
112,0,54,26,30,142,13871,17328,12,23,5,3,4,4,2,3
113,0,24,18,52,1127,13257,2774,12,6,5,3,1,2,0,2
114,0,34,6,45,1031,15000,4505,15,12,1,0,0,0,6,3
115,0,37,3,87,1189,14506,7428,12,12,5,3,1,3,2,3
116,0,34,5,45,1354,5615,11631,12,14,11,10,5,8,2,6
117,0,36,11,92,1467,22952,9738,14,10,9,7,2,8,0,6
118,0,36,3,39,922,2561,2835,22,7,1,0,0,0,5,2
119,0,43,26,92,394,19494,16959,12,25,25,12,4,12,1,3
120,0,30,23,96,1312,22310,2613,25,10,10,7,0,9,1,2
121,0,33,22,95,750,15480,6146,13,8,7,7,0,7,0,2
122,1,56,14,72,441,4510,4963,18,7,5,4,4,3,9,2
123,0,51,6,51,684,6462,19537,13,23,20,18,15,15,7,5
124,1,31,6,76,249,20739,6172,18,12,7,7,7,7,4,3
125,0,26,6,46,841,23300,2368,19,5,5,4,4,3,1,3
126,1,58,23,94,147,3465,10312,12,40,40,10,15,6,1,3
127,1,19,22,50,528,26820,1675,19,0,0,0,0,0,1,2
128,0,22,2,100,594,19299,2523,14,3,2,1,2,1,0,2
129,0,49,20,96,470,5549,6567,14,16,15,11,5,11,1,2
130,0,43,28,72,957,16090,4739,12,18,3,2,1,2,4,2
131,0,50,12,77,809,6645,9208,11,16,2,2,2,1,4,3
132,1,31,20,71,542,24788,4559,11,4,2,2,2,2,3,2
133,0,41,9,96,802,21196,8189,13,12,9,7,0,7,3,2
134,0,26,25,61,1355,8916,2942,23,8,8,7,5,7,1,3
135,0,36,6,84,216,2819,4941,20,7,3,2,0,1,6,0
136,1,51,8,53,1150,25150,10650,15,18,4,2,0,3,2,2
137,0,39,4,47,1329,14590,5902,14,17,15,11,5,9,4,1
138,0,25,28,41,959,24835,8639,18,6,2,2,2,2,2,3
139,0,30,9,48,1240,13982,6347,19,12,11,9,4,7,0,2
140,1,32,9,41,1033,10224,4200,22,10,5,4,0,4,7,2
141,0,45,29,83,1316,9752,3452,13,9,6,5,0,3,5,2
142,0,38,3,32,364,2302,4317,20,19,3,2,2,2,3,2
143,0,30,18,75,438,23910,2632,14,5,5,4,0,4,1,4
144,0,32,9,35,689,22812,4668,17,9,8,7,0,7,0,2
145,0,30,5,84,201,10415,3204,14,8,3,2,2,2,5,3
146,0,30,2,35,1427,11162,2720,13,6,5,3,1,2,0,3
147,0,41,10,91,857,12888,17181,13,21,7,6,7,7,4,2
148,0,41,9,94,933,6961,2238,21,7,5,0,1,4,2,2
149,0,19,3,79,1181,16102,1483,14,1,1,0,0,0,1,3
150,0,40,26,54,1395,8504,5605,11,20,20,7,2,13,1,2
151,0,35,1,94,662,11439,7295,13,10,10,8,0,6,1,3
152,0,53,6,34,1436,16047,2306,20,13,7,7,4,5,2,3
153,0,45,9,60,194,10901,2348,18,20,17,9,0,15,8,2
154,0,32,8,43,967,15589,8998,14,9,9,8,3,7,1,2
155,0,29,1,41,1496,26283,4319,13,10,10,7,0,9,1,1
156,0,51,7,34,1169,13983,6132,17,10,1,0,0,0,2,2
157,0,58,9,75,1145,11873,3346,20,9,1,0,0,0,4,3
158,0,40,4,67,630,8552,10855,11,15,12,11,2,11,7,2
159,0,34,2,75,303,11314,2231,18,6,4,3,1,2,6,3
160,0,22,19,80,1256,11992,2323,24,2,2,2,2,2,1,6
161,0,27,9,57,691,5970,2024,18,6,2,2,2,2,6,1
162,0,28,21,42,440,6672,2713,11,5,5,2,0,2,1,2
163,0,57,24,83,334,23402,9439,16,12,5,3,1,4,3,2
164,0,27,3,79,1450,25326,2566,15,1,1,1,0,1,1,2
165,0,50,11,53,1452,17053,19926,15,21,5,4,4,4,3,5
166,0,41,14,56,465,4609,2451,12,13,9,8,1,8,4,2
167,0,30,5,41,1339,8053,9419,12,12,10,9,7,4,2,2
168,0,38,1,59,702,12930,8686,22,12,8,3,0,7,4,2
169,0,32,6,43,120,12430,3038,20,8,5,4,1,4,3,2
170,0,27,17,51,1157,13364,3058,16,6,5,2,1,1,0,3
171,1,19,1,100,602,20989,2325,21,1,0,0,0,0,0,5
172,0,36,3,30,1480,15062,2088,12,13,8,7,7,2,4,3
173,0,30,9,66,111,11012,3072,11,12,12,9,6,10,1,4
174,0,45,4,30,1268,6319,5006,11,9,5,4,0,3,4,3
175,0,56,8,67,713,13939,4257,18,19,2,2,2,2,4,3
176,0,33,2,90,134,10515,2500,14,4,3,1,0,2,0,2
177,1,19,2,47,303,9241,1102,22,1,1,0,1,0,1,3
178,0,46,1,92,526,2137,10453,25,24,24,13,15,7,1,2
179,0,38,9,75,1380,6319,2288,12,2,2,2,2,1,1,3
180,0,31,12,95,140,6984,3929,23,7,4,2,0,2,8,0
181,0,34,27,95,629,5711,2311,15,9,3,2,1,2,2,3
182,1,41,20,70,1356,21728,3140,22,4,4,3,0,2,1,5
183,0,50,1,86,328,3425,3690,15,5,3,2,0,2,2,2
184,0,53,13,57,1084,26250,4450,11,5,4,2,1,3,1,3
185,0,33,14,72,931,4673,2756,13,8,8,7,1,6,1,5
186,0,40,4,46,989,6499,19033,14,21,20,8,9,9,1,2
187,0,55,14,61,692,13339,18722,11,36,24,15,2,15,8,3
188,0,34,2,45,1069,14074,9547,17,10,10,9,1,9,1,2
189,0,51,3,98,313,7192,13734,18,21,7,7,1,0,3,6
190,0,52,1,65,699,5678,19999,14,34,33,18,11,9,0,5
191,0,27,9,99,894,11781,2279,16,7,7,7,0,3,1,2
192,1,35,23,50,556,15497,5916,13,8,1,0,0,1,3,1
193,0,43,7,37,1344,5228,2089,14,7,5,4,2,2,4,3
194,0,45,2,65,1195,20462,16792,23,22,20,8,11,8,9,1
195,0,37,21,65,290,22977,3564,12,8,8,7,1,7,1,3
196,0,35,2,37,138,15986,4425,11,10,6,2,1,2,5,5
197,0,42,21,36,926,16439,5265,16,11,5,3,0,2,2,5
198,0,38,2,88,1261,7259,6553,14,14,1,0,0,0,9,3
199,0,38,29,54,1084,4185,6261,18,9,7,7,1,7,3,3
200,0,27,1,60,472,9679,4298,19,6,2,2,2,0,5,1
201,0,49,18,92,1002,23793,6804,15,7,7,7,1,7,1,0
202,0,34,10,43,878,5972,3815,17,5,5,3,2,0,1,4
203,0,40,19,99,905,16523,2741,15,15,7,2,3,7,8,2
204,1,38,29,70,1180,11354,6673,19,17,1,0,0,0,7,2
205,1,29,27,35,121,24525,7639,22,10,10,4,1,9,1,3
206,0,22,5,60,1136,12392,2328,16,4,4,2,2,2,1,2
207,0,36,18,73,635,7703,2153,13,8,8,1,1,7,1,2
208,0,40,9,63,1151,14242,4876,14,5,3,2,0,2,9,5
209,0,46,1,97,644,12368,9396,16,17,4,2,0,3,7,3
210,1,32,4,32,1045,25812,10400,11,14,14,8,9,8,1,2
211,0,30,1,88,829,20925,8474,22,12,11,8,5,8,1,2
212,0,27,20,90,1242,12916,9981,14,7,7,7,0,7,1,2
213,0,51,8,81,1469,15736,12490,16,16,10,9,4,7,5,5
214,1,30,3,88,1005,8556,2657,11,8,5,2,0,4,5,5
215,0,41,6,75,896,14674,13591,18,16,1,0,0,0,3,3
216,1,30,26,52,334,22967,6696,15,9,6,3,0,1,5,5
217,1,29,1,85,992,19757,2058,14,7,6,2,1,5,0,1
218,0,45,6,57,1052,16840,8865,12,23,19,7,12,8,6,2
219,0,54,3,52,1147,17011,5940,14,16,6,2,0,5,2,4
220,0,36,5,62,1396,9945,5914,16,16,13,11,3,7,8,3
221,0,33,4,47,147,13248,2622,21,7,3,2,1,1,6,3
222,0,37,11,47,663,10056,12185,14,10,10,8,0,7,1,1
223,0,38,3,76,119,9647,10609,12,17,16,10,5,13,0,6
224,0,31,1,90,979,4381,4345,12,6,5,4,1,4,0,2
225,0,59,3,70,142,8456,2177,17,7,1,0,0,0,3,6
226,0,37,4,41,319,2539,2793,17,13,9,8,5,8,4,2
227,0,29,1,42,1413,6599,7918,14,11,11,10,4,1,1,5
228,0,35,1,92,944,9096,8789,14,10,10,7,0,8,1,3
229,1,29,18,86,896,14961,2389,13,4,4,3,0,1,1,3
230,0,52,2,89,1323,3300,3212,15,6,2,2,2,2,7,3
231,0,42,4,58,532,4933,19232,11,22,22,17,11,15,1,3
232,0,59,6,52,818,25657,2267,17,7,2,2,2,2,8,2
233,0,50,1,68,854,24118,19517,11,32,7,0,0,6,3,3
234,1,33,14,58,813,22149,2436,13,8,5,4,0,4,5,2
235,0,43,16,80,1034,7744,16064,22,22,17,13,1,9,5,3
236,1,33,2,39,465,21509,2707,20,13,9,7,1,7,7,3
237,0,52,2,79,771,21030,19068,18,33,33,7,15,12,1,2
238,0,32,4,56,1401,20990,3931,11,6,4,3,1,2,2,5
239,1,32,1,62,515,9571,3730,14,4,3,2,1,2,0,2
240,0,39,1,96,1431,15417,2232,14,7,3,2,1,2,7,1
241,0,32,26,100,976,12069,4465,18,4,3,2,2,2,0,2
242,0,41,19,36,1411,19877,3072,16,17,1,0,0,0,2,2
243,0,40,24,62,1300,24447,3319,17,9,9,8,4,7,1,3
244,0,45,1,70,252,15970,19202,11,25,24,0,1,7,0,2
245,0,31,3,73,1327,13523,13675,12,9,2,2,2,2,9,3
246,0,33,5,63,832,14776,2911,13,2,2,2,0,2,1,2
247,0,34,2,84,470,23687,5957,13,13,11,9,5,9,6,3
248,0,37,1,83,1017,18697,3920,14,17,3,1,0,2,2,2
249,0,45,7,77,1199,5118,6434,17,9,3,2,0,2,4,1
250,1,37,10,61,504,22573,10048,11,17,1,0,0,0,6,5
251,0,39,2,64,505,6420,10938,25,20,19,6,11,8,0,1
252,0,29,15,60,665,22673,2340,19,6,6,5,1,5,1,1
253,0,42,17,82,916,23016,6545,13,10,3,2,0,2,3,1
254,0,29,20,45,1247,10732,6931,14,10,3,2,0,2,2,2
255,0,25,1,62,685,7505,4898,12,5,4,2,1,2,0,3
256,0,42,2,56,269,8007,2593,11,10,9,6,7,8,0,4
257,0,40,2,49,1416,5949,19436,19,22,21,7,3,9,0,5
258,0,51,1,96,833,23231,2723,11,1,1,0,0,0,1,0
259,1,31,29,71,307,11652,3479,11,6,5,4,1,4,0,2
260,0,32,7,100,1311,26062,2794,20,5,5,1,0,3,1,3
261,0,38,2,39,1327,19682,5249,18,13,8,7,7,5,3,0
262,0,32,2,84,128,19737,2176,13,9,6,2,0,4,4,5
263,0,46,2,75,488,14977,16872,12,28,7,7,7,7,3,2
264,1,28,2,79,529,14935,3485,11,5,0,0,0,0,2,5
265,0,29,2,78,1210,3687,6644,19,10,0,0,0,0,2,2
266,0,31,23,64,1463,14408,5582,21,10,9,0,7,8,0,2
267,0,25,5,85,675,18384,4000,12,6,6,3,1,5,1,2
268,0,45,20,79,1385,7501,13496,14,21,20,7,4,10,0,2
269,0,36,6,47,1403,20251,3210,11,16,15,13,10,11,0,4
270,0,55,1,81,452,18938,19045,14,37,36,10,4,13,0,2
271,1,47,29,88,666,10268,11849,12,10,10,7,9,9,1,2
272,0,28,9,94,1158,2613,2070,23,5,5,2,0,4,1,3
273,0,37,6,98,228,22825,6502,14,7,5,4,0,1,4,5
274,0,21,3,100,996,10531,3230,17,3,3,2,1,0,1,4
275,0,37,1,80,728,11677,13603,18,15,5,2,0,2,2,2
276,0,35,22,71,1315,19100,11996,18,10,7,7,6,2,7,6
277,0,38,7,44,322,19191,5605,24,8,8,0,7,7,1,3
278,0,26,1,84,1479,26767,6397,20,6,6,5,1,4,1,6
279,0,50,4,96,797,15815,19144,14,28,10,4,1,6,3,4
280,0,53,3,45,1070,21016,17584,16,21,5,3,1,3,3,5
281,0,42,1,99,635,24532,4907,25,20,20,16,11,6,1,3
282,0,29,2,44,442,20260,4554,18,10,10,7,0,9,1,3
283,0,55,20,37,147,15972,5415,19,12,10,7,0,8,3,4
284,0,26,11,60,496,22722,4741,13,5,5,3,3,3,1,3
285,0,37,1,42,1372,15881,2115,12,17,17,12,5,7,1,3
286,1,44,24,43,920,19920,3161,22,19,1,0,0,0,3,0
287,0,38,23,82,688,18899,5745,14,10,2,2,1,2,9,2
288,1,26,16,45,1449,14180,2373,13,5,3,2,0,2,2,2
289,0,28,8,66,1117,4488,3310,21,5,5,3,0,2,1,3
290,0,49,10,35,636,25594,18665,11,22,3,2,1,2,9,4
291,0,36,3,30,506,26285,4485,12,10,8,0,7,7,4,2
292,0,31,5,84,444,3909,2789,11,2,2,2,2,2,1,5
293,1,26,4,48,950,8450,5828,12,8,8,7,7,4,1,0
294,0,37,9,53,889,11411,2326,12,4,4,2,1,2,1,3
295,0,42,26,77,555,14864,13525,14,23,20,4,4,8,5,2
296,1,18,3,54,230,25233,1420,13,0,0,0,0,0,1,2
297,0,35,16,96,1232,5100,8020,15,12,11,9,6,9,0,3
298,0,36,18,81,566,7122,3688,18,4,1,0,0,0,4,2
299,0,51,2,84,1302,16321,5482,18,13,4,1,1,2,5,3
300,0,41,2,88,334,15896,16015,19,22,22,10,0,4,1,2
301,0,18,10,69,812,9724,1200,12,0,0,0,0,0,1,2
302,0,28,16,68,1476,4824,5661,19,9,8,3,0,7,0,2
303,0,31,7,100,218,12241,6929,11,10,8,7,7,7,4,3
304,0,39,1,48,1132,10942,9613,17,19,18,10,3,7,0,5
305,0,36,24,47,1105,6927,5674,15,11,9,8,0,8,7,3
306,0,32,7,91,906,16985,5484,14,13,13,8,4,8,1,3
307,0,38,25,81,849,26707,12061,17,19,10,8,0,1,3,2
308,0,58,1,32,390,17056,5660,13,12,5,3,1,2,2,2
309,0,31,5,86,691,10077,4821,12,6,5,2,0,3,0,4
310,0,31,2,62,106,17822,6410,12,9,2,2,1,0,3,1
311,0,45,7,97,1249,20308,5210,18,24,24,9,9,11,1,2
312,0,31,2,32,192,7747,2695,18,3,2,2,2,2,0,2
313,0,33,5,74,553,23364,11878,11,12,10,6,8,8,6,2
314,0,39,10,99,117,5355,17068,14,21,21,9,11,10,1,3
315,0,43,10,33,185,10675,2455,19,9,8,7,1,7,0,5
316,0,49,1,90,1091,17810,13964,12,25,7,1,0,7,7,2
317,1,52,8,85,723,17747,4941,15,11,8,2,7,7,2,3
318,0,27,5,85,1220,20938,2478,12,4,4,3,1,2,1,2
319,0,32,8,65,588,24624,5228,11,13,13,12,11,9,1,2
320,0,27,2,74,1377,5242,4478,11,5,5,4,0,4,1,3
321,0,31,7,73,691,7143,7547,12,13,7,7,1,7,4,3
322,0,32,2,74,1018,10557,5055,16,10,7,7,0,7,7,0
323,1,28,2,84,1157,24737,3464,13,5,3,2,2,2,5,4
324,0,30,28,64,1275,11934,5775,13,11,10,8,1,9,1,2
325,0,31,7,48,798,14034,8943,24,10,10,9,8,9,1,2
326,0,39,7,54,672,21141,19272,15,21,21,9,13,3,1,2
327,1,39,3,41,1162,17778,5238,18,12,1,0,0,0,4,3
328,0,33,10,46,508,4317,4682,14,9,7,7,0,1,3,6
329,0,47,5,42,1482,16375,18300,11,21,3,2,1,1,4,2
330,0,43,10,82,559,6227,5257,11,9,9,7,0,0,1,3
331,0,27,1,73,210,22107,6349,13,6,5,4,1,4,0,0
332,0,54,20,31,928,16885,4869,12,20,4,3,0,3,3,4
333,0,43,7,43,1001,9262,9985,16,10,1,0,0,0,8,1
334,0,45,8,75,549,9278,3697,14,12,10,9,9,8,9,3
335,0,40,1,57,1124,13273,7457,22,6,4,3,0,2,2,2
336,1,29,8,77,318,4759,2119,11,7,7,7,0,7,1,4
337,0,29,9,30,738,7621,3983,17,4,3,2,2,2,0,2
338,0,30,5,30,570,5431,6118,13,10,10,9,1,2,1,2
339,0,27,8,56,1130,3415,6214,18,8,8,7,0,7,1,3
340,0,37,5,61,1192,23177,6347,16,8,6,2,0,4,7,2
341,0,38,15,92,343,15682,11510,14,12,11,10,2,9,0,3
342,0,31,7,39,1232,25713,7143,14,11,11,9,4,10,1,2
343,0,29,10,39,144,11866,8268,14,7,7,7,1,7,1,2
344,0,35,5,62,1296,18264,8095,13,17,16,6,0,13,0,5
345,0,23,26,83,1309,16092,2904,12,4,4,2,0,2,1,2
346,0,41,6,95,483,10110,6032,15,8,5,4,1,2,6,3
347,0,47,4,99,1309,25751,2976,19,5,0,0,0,0,3,3
348,0,42,23,44,810,15901,15992,14,16,1,0,0,0,2,2
349,0,29,2,61,746,16928,4649,14,4,4,3,0,2,1,3
350,0,42,2,52,544,24017,2696,11,4,3,2,1,0,0,5
351,0,32,2,75,1062,3956,2370,13,8,8,0,0,7,1,4
352,0,48,29,91,530,23978,12504,21,15,0,0,0,0,3,3
353,0,37,6,51,1319,17001,5974,13,13,7,7,6,7,4,2
354,0,30,25,85,641,6069,4736,12,4,2,2,2,2,7,2
355,0,26,1,57,933,20156,5296,17,8,8,7,7,7,1,3
356,0,42,2,98,1332,17078,6781,23,14,1,0,0,0,3,6
357,1,21,1,99,756,9150,2174,11,3,3,2,1,2,1,3
358,0,36,1,45,845,15276,6653,15,7,1,0,0,0,4,6
359,0,36,3,48,541,7246,9699,11,16,13,9,1,12,4,2
360,0,57,1,88,593,2967,6755,11,15,3,2,1,2,2,2
361,0,40,10,46,1171,22495,2213,13,10,7,7,1,7,3,3
362,0,21,9,39,895,2851,2610,24,3,3,2,2,2,1,3
363,1,33,5,34,350,9150,2851,13,1,1,0,0,0,1,2
364,0,37,10,98,921,17663,3452,20,17,5,4,0,3,6,3
365,0,46,7,30,1144,16044,5258,14,7,1,0,0,0,2,2
366,1,41,4,56,143,9558,9355,18,8,8,7,7,7,1,5
367,0,50,10,100,1046,2755,10496,15,20,4,3,1,3,6,2
368,1,40,22,68,575,6110,6380,12,8,6,4,1,0,2,6
369,0,31,9,42,408,7551,2657,16,3,2,2,2,2,0,5
370,1,21,12,90,156,25422,2716,15,1,1,0,0,0,1,0
371,0,29,23,54,1283,18168,2201,16,6,3,2,1,2,9,4
372,0,35,9,97,755,19394,6540,19,10,1,1,0,0,9,5
373,0,27,1,82,1469,17881,3816,11,5,5,2,0,4,1,2
374,0,28,9,92,304,20750,5253,16,7,7,5,0,7,1,1
375,0,49,7,31,1261,12066,10965,24,26,5,2,0,0,8,2
376,0,51,14,87,1178,14862,4936,11,18,7,7,0,7,4,2
377,0,36,2,96,329,11868,2543,13,6,2,2,2,2,4,3
378,1,34,19,67,1362,4652,5304,13,9,5,2,0,4,8,3
379,0,55,2,97,1311,23258,16659,13,30,5,4,1,2,2,2
380,0,24,10,77,1371,5915,4260,12,5,5,2,0,3,1,2
381,0,30,2,72,202,17434,2476,18,1,1,0,0,0,1,3
382,1,26,3,73,575,6582,3102,22,7,6,4,0,4,0,2
383,0,22,11,43,253,24440,2244,13,2,2,1,1,2,1,1
384,0,36,2,61,164,3809,7596,13,10,10,9,9,0,1,2
385,1,30,4,40,464,3427,2285,23,3,1,0,0,0,9,4
386,0,37,14,95,1107,26914,3034,12,18,18,7,12,17,1,2
387,0,40,2,46,759,22553,5715,12,8,5,4,1,3,7,5
388,0,42,1,95,201,20490,2576,16,8,5,2,1,2,3,5
389,0,37,10,49,1305,21123,4197,12,18,1,0,0,1,2,2
390,0,43,12,59,982,4345,14336,11,25,25,10,3,9,1,3
391,0,40,2,78,555,13436,3448,22,20,1,0,0,0,6,3
392,0,54,5,86,821,8509,19406,11,24,4,2,1,2,4,4
393,0,34,4,72,1381,12740,6538,15,6,3,2,1,2,9,3
394,0,31,7,31,480,4156,4306,12,13,13,10,3,12,1,5
395,0,43,21,61,313,15238,2258,20,8,3,2,1,2,7,1
396,0,43,8,74,1473,2227,4522,14,8,5,2,0,2,4,3
397,0,25,4,99,891,12090,4487,11,5,5,4,1,3,1,3
398,0,37,25,72,1063,23866,4449,15,15,13,11,10,7,3,2
399,0,31,1,98,329,16193,2218,12,4,4,2,3,2,1,3
400,0,39,1,52,1218,8213,19197,14,21,21,8,1,6,1,3
401,0,56,6,86,906,18256,13212,11,36,7,7,7,7,9,0
402,0,30,12,83,1082,19558,6577,11,6,5,4,4,4,0,6
403,0,41,1,49,645,19566,8392,16,10,10,7,0,7,1,2
404,0,28,17,79,1300,13535,4558,12,10,10,0,1,8,1,2
405,1,25,3,91,688,9396,4031,13,6,2,2,0,2,5,5
406,0,52,3,39,319,19609,7969,14,28,5,4,0,4,2,4
407,0,45,10,69,192,9655,2654,21,8,2,2,0,2,3,3
408,0,52,4,30,1490,10310,16555,13,31,5,2,1,4,2,2
409,0,42,29,92,532,12932,4556,11,19,5,4,0,2,2,3
410,0,30,2,43,317,24793,6091,20,11,5,4,0,2,2,2
411,0,60,7,41,422,3854,19566,11,33,29,8,11,10,5,5
412,0,46,18,87,1485,26314,4810,14,19,10,7,0,8,2,5
413,0,42,28,88,1368,4386,4523,11,7,6,5,0,4,0,4
414,1,24,1,62,1448,21972,3202,16,6,5,3,1,4,1,4
415,1,34,6,33,296,12253,2351,16,3,2,2,1,0,0,3
416,0,38,2,42,1490,12106,1702,23,1,1,0,0,0,1,3
417,0,40,2,79,1398,13022,18041,14,21,20,15,1,12,0,2
418,0,26,23,90,1349,3032,2886,22,3,3,2,0,2,1,3
419,0,30,3,53,1400,16734,2097,15,9,5,3,1,4,4,3
420,0,29,3,93,986,21526,11935,18,10,10,2,0,7,1,2
421,1,29,25,71,408,18300,2546,16,6,2,2,1,1,5,2
422,1,19,2,52,489,18437,2564,12,1,1,0,0,0,1,3
423,0,30,22,69,1398,2890,8412,11,10,9,8,7,8,0,3
424,0,57,29,56,210,22102,14118,12,32,1,0,0,0,3,3
425,0,50,29,88,1099,9314,17046,15,28,27,10,15,7,0,2
426,0,30,2,49,1116,7181,2564,14,12,11,7,6,7,0,2
427,0,60,28,80,1499,2845,10266,19,22,18,13,13,11,4,5
428,0,47,2,65,983,7389,5070,13,20,5,0,0,4,5,2
429,0,46,2,51,1009,2288,17861,13,26,3,2,0,1,6,2
430,0,35,22,46,144,19225,4230,15,6,5,4,4,3,0,2
431,0,54,8,42,548,23428,3780,11,19,1,0,0,0,7,3
432,0,34,2,62,1303,8416,2768,12,14,7,3,5,7,3,3
433,0,46,10,94,1125,11563,9071,19,15,3,2,1,2,2,3
434,0,31,9,33,1274,14394,10648,25,13,13,8,0,8,1,6
435,1,33,15,56,1277,24619,13610,12,15,7,6,7,7,7,2
436,1,33,10,38,587,6705,3408,13,8,4,3,1,3,7,2
437,0,30,7,57,413,18398,2983,14,4,3,2,1,2,0,3
438,0,35,16,72,1276,14295,7632,12,10,8,7,0,0,4,2
439,1,31,20,66,534,22908,9824,12,12,1,0,0,0,3,2
440,1,34,23,43,988,11533,9950,15,11,3,2,0,2,9,2
441,0,42,5,97,1474,9260,2093,17,8,2,2,2,0,4,4
442,0,36,10,32,635,15318,9980,14,10,10,3,9,7,1,3
443,1,22,4,99,1368,9129,3894,16,4,2,2,1,2,5,3
444,0,48,2,37,163,19658,4051,14,14,9,7,6,7,2,2
445,0,55,18,83,1117,9873,16835,23,37,10,9,7,7,3,2
446,0,41,10,56,267,13430,6230,14,16,14,3,1,10,7,3
447,0,35,1,85,619,18659,4717,11,15,11,9,6,9,9,2
448,0,40,6,75,302,20364,13237,15,22,20,6,5,13,7,3
449,0,39,8,48,443,17872,3755,11,8,8,3,0,7,1,3
450,0,31,2,77,828,8346,6582,13,10,6,5,0,5,4,2
451,0,42,24,56,319,6950,7406,21,10,10,9,5,8,1,5
452,0,45,2,61,561,16177,4805,19,9,8,7,3,7,0,3
453,1,26,17,58,426,22808,2741,11,8,7,7,1,0,0,2
454,0,29,19,34,232,22645,4262,12,8,3,2,1,2,4,2
455,0,33,1,95,922,22578,16184,19,10,6,1,0,5,4,2
456,0,31,7,44,688,25291,11557,21,10,5,4,0,1,9,3
457,1,18,5,69,1306,8059,1878,14,0,0,0,0,0,1,3
458,0,40,28,58,1094,11373,10932,15,20,1,0,0,1,3,2
459,0,41,2,62,509,2112,6811,17,10,8,7,0,7,2,3
460,0,26,29,45,775,4267,4306,12,8,0,0,0,0,5,5
461,0,35,1,80,195,6698,4859,16,5,5,4,0,3,1,3
462,0,34,21,74,258,19921,5337,12,10,10,7,5,7,1,3
463,1,26,24,66,471,23213,2340,18,1,1,0,0,0,1,3
464,0,37,1,59,799,23848,7491,17,12,6,5,1,2,4,3
465,0,46,18,86,1034,8984,10527,11,28,2,2,1,2,5,3
466,0,41,2,91,1276,5626,16595,16,22,18,16,11,8,7,2
467,0,37,9,69,142,24666,8834,13,9,9,5,7,7,1,6
468,0,52,6,78,956,22087,5577,12,18,10,9,6,9,3,3
469,1,32,11,60,1474,23914,4707,12,6,4,2,1,2,8,2
470,0,24,24,38,535,5530,2400,13,3,2,2,2,1,0,3
471,0,38,10,76,1495,22174,9824,19,18,1,0,0,0,3,4
472,0,37,1,65,446,15701,6447,12,8,6,5,4,3,6,2
473,0,49,18,58,1245,2125,19502,17,31,31,9,0,9,1,5
474,0,24,23,89,691,21630,2725,11,6,6,5,1,4,1,3
475,0,26,28,66,703,7428,6272,20,6,5,3,1,4,1,5
476,0,24,17,94,823,9100,2127,21,1,1,0,0,0,1,2
477,0,50,3,99,1246,7999,18200,11,32,32,5,10,7,1,2
478,0,25,13,40,622,26376,2096,11,7,7,4,0,6,1,1
479,1,24,7,55,1287,14168,2886,16,6,6,3,1,2,1,4
480,1,30,12,74,448,14470,2033,18,1,1,0,0,0,1,2
481,0,34,1,83,254,22794,3622,13,6,6,5,1,3,1,3
482,1,31,13,46,1365,11512,4233,17,9,3,1,1,2,2,2
483,0,35,25,54,538,14004,3681,14,9,3,2,0,2,4,3
484,0,31,6,66,525,6219,5460,22,13,7,7,5,7,4,4
485,0,27,6,66,798,5013,2187,12,6,5,3,0,3,0,5
486,0,37,2,75,558,3010,9602,11,17,3,0,1,0,4,3
487,0,20,1,83,959,11757,2836,13,1,1,0,0,0,1,0
488,0,42,2,81,622,5718,4089,13,10,10,2,2,2,1,4
489,0,43,6,50,782,2671,16627,14,21,1,0,0,0,4,3
490,0,38,1,43,362,14561,2619,17,8,0,0,0,0,3,3
491,0,43,9,72,1001,19627,5679,13,10,8,7,4,7,3,3
492,0,48,1,40,1236,17997,15402,11,21,3,2,0,2,7,3
493,0,44,1,50,1112,26894,5985,11,10,2,2,0,2,4,1
494,0,34,14,31,204,2912,2579,18,8,8,2,0,6,1,3
495,1,27,2,85,1420,16346,3041,11,5,4,3,0,2,0,3
496,0,21,22,49,1343,24444,3447,11,3,3,2,1,2,1,2
497,0,44,3,35,1315,9358,19513,12,26,2,2,0,1,4,2
498,0,22,6,69,604,12145,2773,20,3,2,2,2,2,0,3
499,0,33,8,39,1216,20431,7104,12,6,5,0,1,2,0,3
500,0,32,9,92,646,18089,6322,12,6,6,4,0,5,1,2
501,0,30,3,71,160,22653,2083,20,1,1,0,0,0,1,2
502,0,53,1,34,238,7507,8381,20,18,14,7,8,10,7,2
503,0,34,1,42,1397,7660,2691,12,10,10,9,8,8,1,4
504,1,45,26,100,306,5630,4286,14,5,1,1,0,0,2,4
505,0,26,6,71,991,17759,2659,13,3,3,2,0,2,1,2
506,0,37,3,36,482,9606,9434,15,10,10,7,7,8,1,2
507,0,29,3,62,1176,3487,5561,14,6,6,0,1,2,1,5
508,0,35,6,82,1017,19368,6646,13,17,17,11,11,8,1,3
509,0,33,6,30,1296,5335,7725,23,15,13,11,4,7,3,2
510,0,54,19,88,397,6729,10725,15,16,9,7,7,1,2,1
511,0,36,9,48,913,13934,8847,11,13,3,2,0,2,2,2
512,0,27,3,54,1115,15174,2045,13,5,4,2,1,1,0,0
513,1,20,10,32,1362,26999,1009,11,1,1,0,1,1,1,5
514,1,33,3,70,1076,3164,3348,11,10,10,8,9,7,1,3
515,0,35,3,41,727,16900,1281,18,1,1,0,0,0,1,3
516,0,23,4,58,885,8544,2819,16,5,3,2,0,2,2,3
517,0,25,8,57,810,15678,4851,22,4,3,2,1,2,0,4
518,0,38,7,46,243,7791,4028,20,8,7,7,0,5,0,2
519,0,29,1,76,806,18959,2720,18,10,10,7,2,8,1,5
520,0,48,2,56,817,18597,8120,12,12,2,2,2,2,3,3
521,0,27,3,71,1410,16673,4647,20,6,6,5,0,4,1,3
522,0,37,10,80,1225,15232,4680,17,4,1,0,0,0,3,2
523,0,50,28,74,1207,3297,3221,11,20,20,8,3,8,1,3
524,0,34,9,46,1442,17654,8621,14,9,8,7,7,7,1,3
525,1,24,3,65,693,24785,4577,14,4,2,2,2,0,9,3
526,0,39,2,80,408,20978,4553,11,20,20,7,11,10,1,4
527,0,32,10,55,929,21703,5396,12,10,10,7,0,8,1,2
528,1,50,8,50,562,23452,6796,14,18,4,3,1,3,3,4
529,0,38,1,33,827,19383,7625,13,10,9,7,1,8,0,4
530,0,27,1,68,608,6009,7412,11,9,9,7,0,7,1,3
531,0,32,3,39,1018,19373,11159,15,10,7,7,7,7,3,6
532,0,47,14,42,703,11825,4960,12,20,7,7,1,7,2,2
533,0,40,5,48,580,23772,10475,21,20,18,13,1,12,5,2
534,0,53,7,59,970,13514,14814,19,32,5,1,1,3,3,3
535,0,41,10,73,427,8861,19141,15,23,21,6,12,6,3,2
536,0,60,16,84,1179,11924,5405,14,10,2,2,2,2,8,1
537,0,27,10,32,294,4809,8793,21,9,9,7,1,7,1,4
538,0,41,1,59,314,19562,19189,12,22,22,7,2,10,1,3
539,0,50,8,54,316,9983,3875,15,4,2,2,2,2,7,2
540,1,28,1,67,654,3872,2216,13,10,7,7,3,7,7,4
541,0,36,8,63,427,20335,11713,14,10,8,7,0,5,9,2
542,0,38,1,81,168,15397,7861,14,10,1,0,0,0,4,4
543,0,44,24,49,381,2104,3708,14,9,5,2,1,4,2,5
544,0,47,3,49,217,10225,13770,12,28,22,2,11,13,9,2
545,0,30,27,99,501,25275,5304,23,10,8,7,7,7,7,2
546,0,29,10,99,1396,2755,2642,11,1,1,0,0,0,1,6
547,1,42,19,57,933,20366,2759,12,7,2,2,2,2,6,2
548,0,43,15,47,775,23683,6804,18,7,2,2,2,2,3,5
549,0,34,8,96,970,7360,6142,11,10,5,1,4,3,3,2
550,0,23,9,37,650,4344,2500,14,5,4,3,0,2,1,2
551,0,39,3,44,141,18767,6389,15,12,8,3,3,6,9,3
552,0,56,9,81,832,20420,11103,11,30,10,7,1,1,7,1
553,0,40,2,86,804,22929,2342,20,5,4,2,2,3,0,2
554,0,27,7,55,975,23398,6811,19,9,7,6,0,7,8,2
555,0,29,10,83,1090,17967,2297,14,2,2,2,2,2,1,2
556,0,53,6,86,346,10919,2450,17,19,2,2,2,2,2,4
557,0,35,2,61,1225,4761,5093,11,16,1,0,0,0,2,2
558,0,32,24,80,430,21146,5309,15,10,10,8,4,7,1,2
559,0,38,2,92,268,20471,3057,13,6,1,0,0,1,6,0
560,0,34,8,32,167,4187,5121,14,7,0,0,0,0,3,3
561,0,52,3,31,621,10084,16856,11,34,34,6,1,16,1,3
562,1,33,1,63,527,5207,2686,13,10,10,9,7,8,1,2
563,0,25,26,32,883,22807,6180,23,6,6,5,1,4,1,5
564,0,45,2,46,954,12388,6632,13,9,8,7,3,1,0,3
565,0,23,10,79,310,19630,3505,18,2,2,2,0,2,1,3
566,1,47,27,77,719,10339,6397,12,8,5,4,1,3,4,2
567,0,34,2,60,304,18686,6274,22,6,6,5,1,4,1,5
568,1,55,2,78,725,21199,19859,13,24,5,2,1,4,5,2
569,0,36,8,76,1434,14229,7587,15,10,10,7,0,9,1,1
570,0,52,19,41,715,26589,4258,18,5,4,3,1,2,0,3
571,0,26,1,71,575,5288,4364,14,5,2,2,2,0,3,2
572,0,29,27,66,657,25549,4335,12,11,8,7,1,1,4,3
573,1,26,8,38,1146,3064,5326,17,6,4,3,1,2,6,2
574,0,34,1,72,182,13551,3280,16,10,4,2,1,3,2,2
575,0,54,19,95,376,22670,5485,11,9,5,3,1,4,9,4
576,0,27,8,84,829,24008,4342,19,5,4,2,1,1,0,3
577,0,37,10,82,571,19905,2782,13,6,5,3,4,3,0,3
578,0,38,2,75,240,26085,5980,12,17,15,7,4,12,6,2
579,0,34,2,86,121,7530,4381,11,6,6,5,1,3,1,3
580,0,35,8,72,384,20317,2572,16,3,3,2,0,2,1,1
581,0,30,1,38,921,24375,3833,21,7,2,2,0,2,3,2
582,0,40,2,38,791,9931,4244,24,8,8,7,3,7,1,2
583,0,34,8,93,1111,13305,6500,17,6,3,2,1,2,5,1
584,0,42,8,66,570,16225,18430,13,24,24,7,14,9,1,4
585,1,23,6,63,1243,3445,1601,21,1,0,0,0,0,1,2
586,0,24,9,60,1092,26551,2694,11,1,1,0,0,0,1,4
587,0,52,11,82,1325,21821,3149,20,9,5,2,1,4,8,3
588,0,50,2,64,691,6881,17639,16,30,4,3,0,3,5,3
589,1,29,1,36,805,6689,2319,11,1,1,0,0,0,1,1
590,0,33,7,49,213,25995,11691,11,14,13,9,3,7,0,3
591,1,33,16,69,118,26507,5324,15,6,3,2,0,2,5,3
592,0,47,2,33,202,12982,16752,11,26,26,14,3,0,1,3
593,0,36,1,35,676,23361,5228,15,10,9,7,0,5,0,2
594,0,29,23,81,1252,23779,2700,24,10,10,7,0,7,1,3
595,1,58,2,31,286,25761,19246,12,40,31,15,13,8,7,2
596,0,35,1,40,1258,13301,2506,13,7,2,2,2,2,3,0
597,0,42,1,43,932,4051,6062,13,8,4,3,0,2,9,4
598,1,28,2,46,890,16374,4382,17,5,2,2,2,1,6,3
599,0,36,13,36,1041,25527,2143,13,8,5,2,0,4,4,2
600,0,32,4,98,859,19124,6162,12,14,14,13,6,8,1,3
601,0,40,16,51,720,11983,5094,14,10,1,0,0,0,6,6
602,0,30,2,52,946,20234,6877,24,12,0,0,0,0,5,4
603,0,45,2,95,252,6153,2274,14,1,1,0,0,0,1,3
604,0,42,29,98,933,11806,4434,13,10,9,8,7,8,1,3
605,0,38,12,45,471,4284,6288,15,13,4,3,1,2,2,3
606,0,34,16,100,702,8306,2553,16,6,5,2,1,3,1,3
607,1,49,11,43,1184,5860,7654,18,9,9,8,7,7,1,3
608,1,55,2,37,436,21519,5160,16,12,9,7,7,3,4,3
609,0,43,14,94,589,5200,17159,24,22,4,1,1,0,6,3
610,0,27,5,42,269,8842,12808,16,9,9,8,0,8,1,3
611,0,35,7,59,950,18869,10221,21,17,8,5,1,6,3,3
612,0,28,2,81,760,3698,4779,20,8,8,7,7,5,1,2
613,0,34,3,88,829,2243,3737,19,4,3,2,0,2,0,1
614,1,26,5,88,887,20898,2366,14,8,8,7,1,7,1,2
615,0,27,3,50,443,16571,1706,11,0,0,0,0,0,1,6
616,0,51,26,66,1318,5594,16307,14,29,20,6,4,17,2,2
617,0,44,4,50,625,5197,5933,12,10,5,2,2,3,9,2
618,0,25,2,65,180,21632,3424,13,6,4,3,0,1,7,3
619,0,33,1,48,586,21816,4037,22,9,9,8,0,8,1,5
620,0,35,27,53,1343,17852,2559,11,6,6,5,1,1,1,3
621,0,36,1,56,928,2823,6201,14,18,18,14,4,11,1,1
622,0,32,13,73,117,9250,4403,11,8,5,2,0,3,2,3
623,0,30,5,75,1012,2373,3761,12,10,5,4,0,3,9,3
624,0,53,7,78,661,20715,10934,18,35,5,2,0,4,7,3
625,0,45,9,74,930,19239,10761,12,18,5,4,0,2,4,2
626,0,32,8,91,638,22162,5175,12,9,5,3,1,3,5,3
627,0,52,25,81,890,19028,13826,22,31,9,8,0,0,3,3
628,0,37,16,66,342,24558,6334,19,9,1,0,0,0,4,2
629,0,28,8,63,1169,23965,4936,13,6,5,1,0,4,1,6
630,0,22,1,33,1230,19146,4775,22,4,2,2,2,2,6,2
631,0,44,8,62,986,5044,2818,24,10,3,2,0,2,2,2
632,0,42,2,35,1271,9068,2515,14,8,2,1,2,2,5,2
633,0,36,8,77,1278,8635,2342,21,6,5,4,0,3,0,3
634,0,25,3,98,141,14363,4194,18,5,5,3,0,3,1,3
635,0,35,9,66,607,23457,10685,20,17,17,14,5,15,1,2
636,1,35,25,96,130,16612,2022,19,10,10,2,7,8,1,3
637,0,32,1,61,300,9148,2314,12,4,3,0,0,2,0,2
638,0,25,4,87,583,18154,4256,12,5,5,2,0,3,1,1
639,0,49,1,36,1418,10554,3580,16,7,4,2,0,2,2,2
640,0,24,4,46,1269,10778,3162,17,6,5,2,3,4,0,2
641,0,32,5,48,379,8891,6524,14,10,10,8,5,3,1,3
642,0,38,9,98,395,12102,2899,19,3,2,2,1,2,0,3
643,0,42,3,95,1265,23726,5231,13,17,5,3,1,3,2,1
644,0,31,11,48,1222,14871,2356,19,8,6,4,0,2,3,2
645,1,29,1,48,341,23522,2800,19,5,3,2,0,2,6,3
646,0,53,8,73,868,22789,11836,14,28,2,0,2,2,5,3
647,0,35,25,78,672,9129,10903,16,16,13,10,4,8,3,2
648,0,37,21,54,1231,21222,2973,15,10,5,4,0,0,5,3
649,0,53,23,72,102,20206,14275,18,33,12,9,3,8,6,0
650,0,43,1,33,422,21782,5562,13,12,5,2,2,2,4,2
651,0,47,2,35,249,17783,4537,22,8,7,6,7,7,0,2
652,0,37,19,32,1252,4814,7642,13,10,10,0,0,9,1,2
653,0,50,2,98,881,4544,17924,11,31,31,6,14,7,1,3
654,0,39,2,42,1383,7790,5204,11,13,5,4,0,4,8,2
655,0,33,3,57,1075,22650,2277,11,7,4,3,0,3,3,4
656,1,32,25,87,374,18016,2795,24,1,1,0,0,1,1,2
657,0,29,7,62,1086,6054,2532,14,8,4,3,0,3,6,5
658,0,44,9,61,661,7508,2559,13,8,8,7,7,1,1,0
659,0,28,5,98,821,24252,4908,14,4,4,2,0,2,1,3
660,1,58,2,57,781,13384,2380,14,3,1,0,0,0,9,3
661,0,43,8,55,177,23814,4765,21,4,1,0,0,0,4,2
662,1,20,2,49,500,22052,2044,13,2,2,2,0,2,1,3
663,1,21,18,65,1427,8870,2693,19,1,1,0,0,0,1,3
664,0,36,14,68,1425,4821,6586,17,17,16,8,4,11,0,2
665,0,47,2,65,1454,13137,3294,18,3,3,2,1,2,1,3
666,1,22,3,34,617,10022,4171,19,4,3,2,0,2,0,3
667,1,41,2,57,1085,17725,2778,13,10,7,7,1,0,4,1
668,0,28,9,77,995,9834,2377,18,6,2,2,2,2,5,2
669,1,39,6,70,1122,4303,2404,21,8,2,2,2,2,7,2
670,0,27,4,76,618,17808,2318,19,1,1,1,0,0,1,2
671,0,34,10,83,546,6896,2008,14,1,1,0,1,0,1,3
672,0,42,14,68,462,7824,6244,17,10,5,4,0,3,7,6
673,0,33,1,100,1198,3339,2799,11,6,3,2,0,2,3,1
674,0,58,5,37,1272,9255,10552,13,24,6,0,0,4,2,3
675,0,31,7,41,154,11737,2329,15,13,7,7,5,2,3,2
676,0,35,21,51,1137,19170,4014,25,10,10,6,0,7,1,2
677,0,49,8,51,527,22477,7403,11,29,26,9,1,7,4,3
678,0,48,20,51,1469,5543,2259,17,13,0,0,0,0,4,2
679,0,31,20,45,1188,24406,6932,13,9,9,8,0,0,1,2
680,0,36,7,65,188,23293,4678,18,8,6,2,0,1,2,6
681,0,38,1,80,1333,16292,13582,13,15,15,12,5,11,1,3
682,0,32,1,70,1184,3974,2332,20,5,3,0,0,2,6,3
683,1,25,19,36,867,18798,2413,18,1,1,0,0,0,1,2
684,0,40,10,67,658,20652,9705,12,11,1,0,0,0,2,2
685,0,26,1,52,1283,11148,4294,12,7,7,7,0,7,1,2
686,0,41,6,59,263,3119,4721,13,20,18,13,2,17,2,3
687,0,36,2,79,938,12287,2519,21,16,11,8,3,9,4,6
688,1,19,21,37,419,9947,2121,13,1,1,0,0,0,1,3
689,1,20,4,84,129,13008,2973,19,1,1,0,0,0,1,2
690,0,31,12,41,616,17369,5855,11,10,9,7,8,5,0,2
691,0,40,9,35,1469,25063,3617,14,3,1,1,0,0,8,2
692,0,32,3,93,498,13554,6725,12,8,8,7,6,3,1,2
693,1,36,3,51,530,5518,10325,11,16,16,7,3,7,1,6
694,0,33,1,42,1069,12291,6949,14,6,5,0,1,4,0,3
695,1,37,1,46,625,14922,10609,11,17,14,1,11,7,5,2
696,0,45,4,57,805,23163,4447,12,9,9,7,0,8,1,5
697,0,29,20,84,1404,18203,2157,15,3,3,1,0,2,1,5
698,0,35,18,86,1219,6179,4601,16,5,5,2,1,0,1,3
699,0,52,1,70,1053,13829,17099,15,26,9,8,7,8,2,2
700,1,58,2,51,289,26227,2479,24,7,1,0,0,0,4,4
701,0,53,2,45,1376,13938,14852,13,22,17,13,15,2,6,3
702,0,30,8,62,231,9977,7264,11,10,8,4,7,7,5,2
703,0,38,10,85,152,19899,5666,13,6,5,3,1,3,1,1
704,0,35,3,92,882,6812,7823,13,12,10,9,0,8,6,2
705,0,39,2,41,903,2560,7880,18,9,8,7,0,7,0,3
706,1,40,24,100,1479,17071,13194,16,22,1,0,0,0,4,2
707,0,47,16,64,1379,6759,5067,19,20,19,10,2,7,1,3
708,0,36,8,84,1229,25952,5079,13,12,7,7,0,7,4,3
709,1,31,9,46,335,10322,2321,22,4,3,2,1,2,0,0
710,0,33,17,38,722,20489,17444,11,10,10,8,6,0,1,2
711,1,29,10,92,906,11479,2404,20,3,0,0,0,0,6,5
712,0,33,13,53,461,17241,3452,18,5,3,2,0,2,3,4
713,0,45,1,91,974,11005,2270,14,8,5,3,0,2,3,2
714,0,50,1,66,1126,6615,17399,22,32,5,4,1,3,9,1
715,0,33,1,84,827,20161,5488,13,6,6,5,1,2,1,2
716,0,41,9,64,840,3735,19419,17,21,18,16,0,11,2,2
717,0,27,16,37,1134,12086,2811,14,4,2,2,2,2,9,2
718,0,45,23,42,248,14039,3633,15,9,9,8,0,8,1,2
719,0,47,4,83,955,8571,4163,17,9,9,0,0,7,1,0
720,1,30,22,48,138,11539,2132,11,7,5,2,0,1,4,2
721,0,50,24,95,939,4161,13973,18,22,12,11,1,5,3,2
722,0,38,10,66,1391,12127,2684,17,3,2,1,0,2,0,0
723,0,46,7,75,566,24208,10845,13,13,8,7,0,7,6,3
724,0,24,17,41,1206,24117,4377,15,5,4,2,3,2,1,6
725,1,35,14,39,622,10074,3743,24,5,4,2,0,2,1,2
726,0,31,1,96,853,11275,4148,12,4,4,3,0,3,1,1
727,0,18,5,73,287,13493,1051,15,0,0,0,0,0,1,2
728,0,54,17,56,1441,13943,10739,11,22,10,7,0,8,8,2
729,0,35,25,57,583,6975,10388,11,16,16,10,10,1,1,3
730,0,30,8,73,153,17802,11416,12,9,8,7,1,7,0,4
731,1,20,11,98,1097,18275,2600,15,1,1,0,0,0,1,2
732,1,30,5,60,109,25725,2422,17,4,3,2,1,2,0,3
733,0,26,2,32,1066,3334,5472,12,8,8,7,1,3,1,2
734,0,22,8,94,217,6881,2451,15,4,4,3,1,1,1,3
735,0,48,6,97,277,13119,4240,13,19,2,2,2,2,2,0
736,0,48,4,78,1355,22245,10999,14,27,15,11,4,8,7,3
737,0,41,7,42,549,23371,5003,14,8,2,2,2,1,6,6
738,0,39,1,65,466,7060,12742,16,21,21,6,11,8,1,3
739,0,27,2,47,1055,4658,4227,18,4,3,2,2,2,0,2
740,0,35,10,45,802,9541,3917,20,3,3,2,1,2,1,4
741,0,42,5,90,265,7770,18303,13,21,1,0,0,0,6,3
742,0,50,9,64,804,20165,2380,18,8,1,0,0,0,4,5
743,0,59,2,69,715,21829,13726,13,30,5,3,4,3,3,4
744,1,37,11,61,1141,14382,4777,15,15,1,0,0,0,5,2
745,0,55,18,62,135,12992,6385,14,17,8,7,6,7,3,3
746,0,41,7,55,247,20284,19973,22,21,21,16,5,10,1,3
747,0,38,3,42,1035,4981,6861,12,19,1,0,0,0,8,1
748,1,26,29,79,265,21813,4969,18,7,2,2,2,2,8,6
749,1,52,2,57,266,25846,19845,15,33,32,14,6,9,1,3
750,0,44,28,53,1448,11737,13320,18,23,12,11,11,11,3,2
751,0,50,1,95,145,24920,6347,12,19,18,7,0,13,0,3
752,1,36,16,43,885,8269,2743,16,18,17,13,15,14,1,1
753,0,39,22,82,945,5083,10880,13,21,21,6,2,8,1,2
754,0,33,8,88,1038,21437,2342,19,3,2,2,2,2,0,2
755,0,45,11,90,1234,5404,17650,13,26,9,3,1,1,3,4
756,0,32,29,69,1109,11135,4025,12,10,8,7,7,7,9,2
757,0,34,1,75,216,12278,9725,11,16,15,1,0,9,0,2
758,0,59,1,66,1089,11038,11904,14,14,6,4,0,4,3,1
759,0,45,24,36,788,8318,2177,16,6,6,3,0,4,1,3
760,0,53,2,38,124,23537,7525,12,30,15,7,6,12,2,2
761,1,36,15,81,660,7858,4834,14,9,1,0,0,0,7,3
762,1,26,2,57,342,15346,2042,14,6,3,2,1,2,6,2
763,0,34,10,87,1333,18410,2220,19,1,1,1,0,0,1,2
764,0,28,10,74,1144,23384,1052,22,1,1,0,0,0,1,5
765,0,38,3,44,1186,2997,2821,16,8,2,2,2,2,3,2
766,0,50,2,62,1464,12853,19237,11,29,8,1,7,7,2,2
767,0,37,3,35,124,13848,4107,15,8,4,3,0,1,3,3
768,0,40,26,74,300,22217,8396,14,8,7,7,7,5,1,3
769,0,26,1,66,921,25265,2007,13,5,5,3,1,3,1,5
770,0,46,1,40,430,21445,19627,17,23,2,2,2,2,9,0
771,0,54,2,41,1082,8392,10686,11,13,9,4,7,0,6,4
772,0,56,9,63,1240,12154,2942,19,18,5,4,0,3,2,4
773,0,36,12,51,796,15669,8858,11,15,14,8,7,8,0,2
774,0,55,2,40,444,17323,16756,15,31,9,7,6,2,7,3
775,0,43,25,79,415,5268,10798,13,18,1,0,0,0,5,5
776,1,20,9,54,769,17205,2323,14,2,2,2,0,2,1,3
777,1,21,10,36,1334,17258,1416,13,1,1,0,1,0,1,6
778,0,46,8,74,1003,21029,4615,23,19,16,13,1,7,8,2
779,1,51,4,34,1323,10332,2461,12,18,10,0,2,7,9,2
780,1,28,24,72,1366,12355,8722,12,10,10,7,1,9,1,2
781,0,26,1,59,192,11141,3955,16,6,5,3,1,3,1,2
782,0,30,20,85,1176,9096,9957,15,7,6,2,0,2,0,1
783,0,41,7,43,509,18863,3376,13,10,10,6,0,8,1,3
784,0,38,17,65,330,24608,8823,18,20,19,9,1,9,0,4
785,0,40,20,61,1492,26542,10322,20,14,11,10,11,1,4,6
786,0,27,8,87,1277,5869,4621,19,3,3,2,1,2,1,4
787,0,55,2,65,1091,15813,10976,18,23,3,2,1,2,3,4
788,0,28,10,59,857,7909,3660,13,10,8,7,1,7,3,4
789,1,44,1,91,1376,2326,10482,14,24,20,6,3,6,9,1
790,0,33,5,34,654,21214,7119,15,9,3,2,1,2,4,2
791,1,35,4,86,1204,10333,9582,22,9,8,7,4,7,0,2
792,1,33,29,54,827,3129,4508,22,14,13,7,3,8,1,4
793,0,28,15,50,895,22482,2207,16,4,4,2,2,2,1,5
794,0,34,3,45,618,22266,7756,17,7,6,2,0,4,0,1
795,0,37,10,88,309,24223,6694,14,8,1,0,0,0,2,5
796,1,25,4,32,1219,4605,3691,15,7,7,7,5,6,1,3
797,1,26,21,37,1330,19373,2377,20,1,1,1,0,0,1,0
798,1,33,25,55,1017,2993,2313,20,5,2,2,2,2,4,0
799,0,42,2,35,469,14399,17665,17,23,22,6,13,7,0,3
800,1,28,1,45,1009,7160,2596,15,1,1,0,0,0,1,2
801,1,50,1,81,959,17251,4728,14,5,0,0,0,0,3,4
802,0,33,7,30,970,13401,4302,17,4,3,2,0,2,0,3
803,0,34,3,40,697,22478,2979,17,6,0,0,0,0,3,2
804,0,48,1,35,1262,16154,16885,22,27,5,4,2,1,2,3
805,0,45,9,65,1050,17970,5593,13,15,15,10,4,12,1,2
806,0,52,7,87,994,15322,10445,19,18,8,6,4,0,7,4
807,0,38,10,73,770,5569,8740,14,9,8,7,2,7,0,2
808,0,29,28,93,1107,26968,2514,22,11,7,5,1,7,4,1
809,0,28,3,93,950,8039,7655,17,10,9,7,1,7,0,3
810,0,46,3,52,406,15596,17465,12,23,12,9,4,9,3,3
811,0,38,2,32,130,20619,7351,16,10,1,0,0,0,7,2
812,0,43,27,83,1082,11535,10820,11,18,8,7,0,1,8,1
813,1,39,2,84,203,13547,12169,11,21,18,7,11,5,7,4
814,0,40,14,44,1308,17544,19626,14,21,20,7,4,9,1,2
815,0,21,1,70,984,25326,2070,11,2,2,2,2,2,1,6
816,0,39,9,70,439,8770,6782,15,9,5,4,0,3,9,2
817,0,36,18,78,217,23238,7779,20,18,11,9,0,9,2,0
818,0,31,20,67,793,21981,2791,12,3,2,2,2,2,0,4
819,0,28,2,67,1451,19911,3201,17,6,5,3,0,4,0,2
820,0,35,11,54,1182,18500,4968,11,5,5,2,0,2,1,3
821,0,49,8,56,174,11879,13120,17,22,9,8,2,3,6,3
822,0,34,2,95,1003,15834,4033,11,5,3,2,0,2,2,3
823,0,29,10,61,490,17940,3291,14,8,7,5,1,1,0,2
824,0,42,29,56,188,9558,4272,19,16,1,0,0,0,4,3
825,0,29,8,79,718,17689,5056,15,10,10,7,1,2,1,2
826,0,38,1,37,433,6004,2844,13,7,7,6,5,0,1,2
827,0,28,6,39,773,22088,2703,14,3,3,1,0,2,1,2
828,1,18,8,80,247,13556,1904,12,0,0,0,0,0,1,0
829,1,33,9,77,603,18385,8224,17,6,5,2,0,3,0,3
830,0,41,12,46,167,9051,4766,11,6,1,0,0,0,3,4
831,1,31,15,72,874,6233,2610,12,2,2,2,2,2,1,5
832,0,37,25,52,367,17171,5731,13,9,6,2,1,3,7,2
833,0,27,6,55,199,7950,2539,13,4,4,2,2,2,1,0
834,0,34,9,70,1400,5829,5714,20,6,6,5,1,3,1,3
835,0,35,8,100,528,7108,4323,17,6,5,4,1,4,1,2
836,1,29,23,45,408,11162,7336,13,11,11,8,3,10,1,3
837,0,40,9,88,593,13782,13499,17,20,18,7,2,13,9,3
838,1,42,12,44,481,2447,13758,12,22,21,9,13,14,0,2
839,0,42,4,45,647,2253,5155,13,9,6,4,1,5,7,3
840,0,35,1,58,982,16340,2258,12,10,8,0,1,7,6,2
841,0,24,24,49,477,6409,3597,22,6,4,3,1,2,8,2
842,1,28,12,79,1485,22955,2515,11,1,1,1,0,0,1,4
843,0,26,3,82,1384,13421,4420,22,8,8,7,0,7,1,2
844,0,30,10,72,852,2706,6578,18,10,10,3,1,4,1,3
845,0,40,26,92,902,21203,4422,13,16,1,1,0,0,3,3
846,0,35,2,44,819,19588,10274,18,15,7,7,6,4,2,2
847,0,34,1,97,669,25755,5343,20,14,13,9,4,9,0,3
848,0,35,4,47,636,26537,2376,13,2,2,2,2,2,1,2
849,1,43,9,85,1372,9489,5346,13,7,4,3,1,3,8,2
850,0,32,2,76,862,14947,2827,12,1,1,0,0,0,1,3
851,0,56,4,92,718,18575,19943,13,28,5,2,4,2,4,2
852,0,29,6,54,1401,26342,3131,13,10,10,8,0,8,1,5
853,0,19,9,54,645,7172,2552,25,1,1,1,0,0,1,4
854,0,45,7,83,1457,20100,4477,19,7,3,2,0,2,4,2
855,0,37,1,56,977,9961,6474,13,14,14,8,3,11,1,2
856,0,20,3,87,805,12828,3033,12,2,2,2,1,2,1,2
857,1,44,10,96,1097,10826,2936,11,6,6,4,0,2,1,4
858,0,53,7,50,1223,18640,18606,18,26,7,7,4,7,3,6
859,0,29,15,69,942,26933,2168,18,6,5,4,1,3,0,2
860,1,22,3,48,1256,4223,2853,11,1,0,0,0,0,0,5
861,0,46,2,69,1402,24097,17048,23,28,26,15,15,9,8,2
862,0,44,17,74,111,4279,2290,13,6,0,0,0,0,2,3
863,0,33,2,99,147,8429,3600,13,5,5,4,1,4,1,2
864,1,41,5,95,906,20293,2107,17,5,1,0,0,0,6,2
865,0,30,29,61,1329,13192,4115,19,8,4,3,0,3,8,3
866,0,40,2,62,1184,25440,4327,12,5,0,0,0,0,5,2
867,0,50,2,30,1421,9490,17856,22,32,2,2,2,2,2,3
868,0,28,19,78,1179,12449,3196,12,6,6,5,3,3,1,2
869,0,46,15,52,1450,10849,19081,11,25,4,2,0,3,5,2
870,0,35,17,94,1361,21026,8966,15,15,7,7,1,7,3,2
871,1,24,17,97,984,3372,2210,13,1,1,0,0,0,1,3
872,0,33,25,82,1146,4905,4539,12,10,10,7,0,1,1,3
873,0,36,6,60,917,6865,2741,14,7,7,7,1,7,1,4
874,0,30,7,49,853,11309,3491,13,10,10,7,8,9,1,4
875,0,44,29,32,200,7744,4541,25,20,20,11,13,17,1,3
876,0,20,21,43,654,5050,2678,17,2,2,1,2,2,1,2
877,0,46,2,60,150,17433,7379,11,12,6,3,1,4,2,3
878,0,42,2,79,179,12858,6272,16,10,4,3,0,3,7,3
879,0,60,7,52,696,10893,5220,18,12,11,7,1,9,0,3
880,0,32,13,77,116,7331,2743,20,2,2,2,2,2,1,2
881,0,32,2,38,1316,2338,4998,14,10,8,7,0,7,4,2
882,0,36,1,77,363,4235,10252,21,17,7,7,7,7,2,2
883,0,33,9,60,117,6311,2781,13,15,14,10,4,10,0,5
884,0,40,10,84,107,11591,6852,12,7,5,1,1,3,7,2
885,0,25,10,57,1356,20623,4950,14,5,4,3,1,1,0,4
886,0,30,1,63,1465,9369,3579,21,12,11,9,5,7,0,2
887,0,42,26,60,458,23281,13191,17,20,1,0,0,0,3,6
888,0,35,8,78,1212,13755,10377,11,16,13,2,4,12,4,6
889,0,27,14,42,1103,14377,2235,14,9,9,7,6,8,1,3
890,0,54,1,53,966,9659,10502,17,33,5,4,1,4,7,2
891,0,44,2,72,1117,19982,2011,13,10,10,5,7,7,1,5
892,1,19,10,96,504,6148,1859,25,1,1,1,0,0,1,2
893,0,29,1,97,1010,5598,3760,15,3,3,2,1,2,1,5
894,0,54,3,85,685,23474,17779,14,36,10,9,0,9,3,2
895,0,31,11,80,1332,17089,6833,12,6,6,5,0,1,1,2
896,0,31,24,96,1062,17198,6812,19,10,10,9,1,8,1,2
897,0,59,3,48,326,16490,5171,17,13,6,1,0,5,5,2
898,0,43,3,96,920,18625,19740,14,25,8,7,0,7,3,2
899,0,49,4,85,1098,12124,18711,13,23,1,0,0,0,2,2
900,0,36,3,46,469,9256,3692,12,12,11,10,0,7,1,2
901,0,48,2,76,969,16620,2559,11,7,1,0,0,0,5,4
902,0,27,4,76,1167,3208,2517,11,5,5,3,0,3,1,2
903,0,29,7,82,1329,4204,6623,11,6,6,0,1,0,1,2
904,0,48,1,76,715,8733,18265,12,25,1,0,0,0,6,3
905,0,29,1,87,694,3423,16124,14,9,7,7,1,7,3,2
906,0,34,20,89,1320,21643,2585,17,2,1,0,0,0,0,5
907,0,44,5,88,1099,8751,18213,11,26,22,9,3,10,7,5
908,0,33,10,82,536,21708,8380,14,10,9,8,0,8,0,3
909,0,19,25,57,265,21221,2994,12,1,1,0,0,1,1,2
910,0,23,1,47,373,16901,1223,22,1,1,0,0,1,1,2
911,1,25,24,73,599,8040,1118,14,1,1,0,1,0,1,4
912,0,26,4,53,583,9973,2875,20,8,8,5,2,2,1,2
913,1,45,2,94,1449,2493,18824,16,26,24,10,1,11,2,2
914,0,55,8,37,177,25592,13577,15,34,33,9,15,0,1,3
915,1,21,10,45,251,25308,2625,20,2,2,2,2,2,1,2
916,0,46,4,33,168,9946,18789,14,26,11,4,0,8,2,2
917,0,34,2,86,131,6039,4538,12,4,3,2,0,2,0,3
918,0,51,9,83,237,19196,19847,24,31,29,10,11,10,4,5
919,0,59,18,67,1429,20002,10512,12,25,9,7,5,4,6,6
920,0,34,19,46,135,22534,4444,13,15,11,8,5,10,4,2
921,0,28,1,44,791,6842,2154,11,5,4,2,0,2,0,2
922,0,44,4,92,1199,17477,19190,14,26,25,9,14,13,1,4
923,0,34,11,56,648,21833,4490,11,14,10,9,1,8,4,5
924,0,35,6,66,735,6020,3506,14,4,3,2,2,2,0,3
925,0,42,7,78,603,5628,2372,16,18,1,0,0,0,6,2
926,0,43,4,56,531,20364,10231,14,23,21,7,15,17,3,3
927,0,36,2,53,429,2323,5410,11,18,16,14,5,12,9,2
928,1,44,15,73,621,14075,7978,11,10,10,7,0,5,1,2
929,0,28,2,52,193,14222,3867,12,2,2,2,2,2,1,2
930,0,51,6,40,968,4257,2838,14,8,7,0,7,7,0,6
931,0,30,9,72,879,12858,4695,18,10,8,4,1,7,7,3
932,1,29,7,39,806,17285,3339,13,10,7,7,7,7,3,2
933,0,28,1,84,640,4732,2080,11,5,3,2,1,2,2,2
934,0,25,1,40,266,18830,2096,18,2,2,2,2,1,1,3
935,0,32,8,56,604,11693,6209,15,10,10,7,0,8,1,4
936,0,45,25,83,364,13035,18061,22,22,0,0,0,0,3,4
937,0,39,13,94,412,17334,17123,13,21,19,9,15,2,6,4
938,0,58,23,88,848,26076,2372,12,2,2,2,2,2,1,3
939,1,32,7,79,1089,22845,4883,18,10,10,4,1,1,1,3
940,1,39,23,93,360,22154,3904,13,6,5,2,0,3,0,2
941,0,30,6,48,1138,23631,4627,12,10,9,2,6,7,0,6
942,0,36,10,63,325,5747,7094,12,10,7,7,1,7,3,0
943,0,46,1,44,991,22957,3423,12,10,7,6,5,7,6,3
944,0,28,1,55,1476,16392,6674,11,10,9,8,7,5,0,6
945,0,50,28,43,1322,22422,16880,11,25,3,2,1,2,4,2
946,1,40,25,57,299,17235,9094,12,9,5,4,1,0,2,2
947,1,52,5,64,1030,21534,8446,19,10,8,7,7,7,9,2
948,0,30,17,95,634,25927,11916,23,9,9,1,0,8,1,2
949,0,39,18,32,524,13352,4534,11,9,8,7,1,7,0,6
950,0,31,2,57,587,8935,9852,19,10,10,8,9,6,1,5
951,0,41,10,40,256,22074,6151,13,19,19,2,11,9,1,4
952,1,31,1,54,1060,8319,2302,11,3,3,2,2,2,1,2
953,1,44,3,89,935,14669,2362,12,10,3,2,1,2,4,4
954,0,42,2,37,495,26582,17861,13,21,20,8,2,10,0,3
955,0,55,2,58,282,6992,19187,14,23,19,9,9,11,4,5
956,0,56,8,99,206,4022,19717,14,36,7,3,7,7,6,4
957,0,40,16,74,458,8532,3544,16,6,4,2,0,0,9,0
958,0,34,9,86,943,5494,8500,11,10,9,7,1,6,0,0
959,0,40,2,98,523,22455,4661,13,9,9,8,8,8,1,4
960,0,41,1,66,1018,4297,4103,17,10,9,3,1,7,0,2
961,0,35,4,87,482,2690,4249,11,9,9,6,1,1,1,3
962,0,51,5,84,770,17588,14026,11,33,33,9,0,10,1,2
963,0,38,2,31,1009,19461,6893,15,11,7,7,1,7,3,3
964,0,34,15,66,507,23553,6125,12,10,10,8,9,6,1,6
965,0,25,19,67,882,9075,3669,11,7,3,2,1,2,3,6
966,1,58,7,53,601,12023,10008,14,31,10,9,5,9,7,0
967,0,40,1,88,329,6762,2387,22,7,4,2,0,3,3,3
968,0,36,7,83,607,2261,4639,16,17,15,7,6,13,2,2
969,0,48,4,54,855,18706,7898,11,11,10,9,0,8,1,2
970,0,27,11,98,1291,6527,2534,14,5,1,0,0,0,8,4
971,0,51,11,82,1405,24439,13142,16,29,5,2,0,3,3,1
972,0,18,1,97,1124,19305,1611,15,0,0,0,0,0,1,5
973,0,35,1,60,817,10846,5363,12,10,9,7,0,0,0,0
974,0,27,2,43,793,20392,5071,20,8,6,2,0,0,3,3
975,1,55,13,85,267,9277,13695,17,24,19,7,3,8,6,2
976,0,56,23,68,1369,18235,13402,12,33,19,16,15,9,4,0
977,0,34,26,92,999,15891,2029,20,5,5,4,0,0,1,2
978,0,40,2,89,1202,13888,6377,20,15,12,11,11,8,5,0
979,0,34,29,86,285,17491,5429,13,10,8,7,7,7,4,1
980,1,31,2,90,703,11882,2785,14,3,1,0,0,0,7,3
981,1,35,18,67,662,23288,4614,18,5,4,2,3,2,0,0
982,0,38,7,57,693,15748,2610,11,4,4,2,0,3,1,2
983,0,34,2,98,404,6163,6687,11,14,14,11,4,11,1,2
984,0,28,26,48,736,24232,4724,11,5,5,3,0,4,1,0
985,1,31,22,98,330,21057,6179,15,10,10,2,6,7,1,3
986,0,39,21,44,1498,3567,6120,12,8,5,4,1,4,3,2
987,0,51,2,52,541,15395,10596,11,14,4,2,3,2,2,5
988,0,41,22,75,1200,13953,5467,14,12,6,2,3,3,3,4
989,0,37,4,54,1439,5182,2996,15,8,6,4,1,3,7,2
990,0,33,5,61,1111,19293,9998,13,8,5,4,1,2,6,2
991,0,32,2,36,499,20497,4078,13,4,3,2,1,2,0,3
992,0,39,25,71,1485,3449,10920,21,13,6,4,0,5,3,2
993,0,25,18,93,1372,12477,6232,11,6,3,2,1,2,2,3
994,0,52,28,59,322,9731,13247,11,24,5,3,0,2,2,3
995,0,43,6,73,930,20003,4081,14,20,20,7,1,8,1,3
996,0,27,10,98,205,7100,5769,11,6,6,2,4,4,1,3
997,1,27,17,51,135,25681,2394,13,8,8,2,7,7,1,2
998,0,26,2,36,683,4050,3904,12,5,4,3,1,1,0,2
999,0,42,10,31,1147,16616,16799,14,21,20,7,0,9,0,5
1000,0,52,8,54,258,17363,2950,13,12,5,4,0,4,9,2
1001,0,37,11,94,1462,19106,3629,18,8,3,2,0,2,4,6
1002,0,35,18,60,200,19944,9362,11,10,2,2,2,2,2,2
1003,0,25,1,81,949,4910,3229,11,7,3,2,0,2,4,2
1004,0,26,7,100,652,23577,3578,12,8,7,7,0,7,0,2
1005,0,29,17,51,332,9769,7988,13,10,10,9,0,9,1,3
1006,1,49,28,97,1475,22710,4284,20,20,4,3,1,3,3,2
1007,1,29,14,84,337,22930,7553,12,9,8,7,7,7,0,1
1008,0,54,1,54,971,5652,17328,19,29,20,7,12,7,6,3
1009,0,58,1,76,1055,22456,19701,21,32,9,8,1,5,3,3
1010,0,55,1,81,1136,12414,14732,13,31,7,7,0,0,2,4
1011,0,36,3,99,1174,20763,9278,16,15,5,4,0,1,3,3
1012,1,31,1,50,667,16154,1359,12,1,1,0,0,0,1,3
1013,0,30,7,73,855,12761,4779,14,8,3,2,0,2,7,3
1014,0,31,8,93,182,8847,16422,11,9,3,2,1,0,3,3
1015,0,34,1,91,560,20284,2996,14,10,4,3,1,3,5,2
1016,1,31,8,34,202,22262,1261,12,1,1,0,0,0,1,3
1017,0,27,11,91,1377,7679,2099,14,6,5,0,1,4,0,3
1018,0,36,4,37,172,22604,5810,16,10,10,4,1,8,1,2
1019,0,36,16,98,329,13494,5647,13,11,3,2,0,2,4,3
1020,0,47,1,74,465,10205,3420,12,17,6,5,1,2,7,2
1021,1,25,9,68,383,15182,4400,12,6,3,2,2,2,3,2
1022,0,37,5,84,1413,25470,3500,14,7,6,5,1,3,0,2
1023,0,56,1,90,1255,10494,2066,22,5,3,2,1,0,2,3
1024,0,47,2,82,359,26703,17169,19,26,20,17,5,6,3,2
1025,0,24,4,42,1476,15211,4162,12,5,5,4,0,3,1,3
1026,0,32,7,97,601,23343,9204,12,7,4,3,0,3,4,3
1027,0,34,1,86,401,3708,3294,17,7,5,4,0,2,5,2
1028,0,41,5,90,1283,5561,2127,12,7,4,2,0,3,2,5
1029,0,40,9,81,663,23099,3975,11,11,8,7,0,7,3,2
1030,0,31,8,31,326,8386,10793,18,13,13,7,9,9,1,5
1031,1,46,9,52,377,15986,10096,11,28,7,7,4,3,4,1
1032,1,39,2,54,592,17181,3646,23,11,1,0,0,0,2,2
1033,1,31,1,100,1445,8931,7446,11,10,10,8,4,7,1,2
1034,0,45,20,95,1038,19863,10851,18,24,7,7,0,7,2,2
1035,0,31,8,96,1398,24609,2109,18,8,3,2,0,2,9,3
1036,1,31,2,94,523,21081,3722,13,7,2,2,2,2,6,2
1037,0,45,29,55,1448,14720,9380,18,10,3,1,1,2,4,4
1038,0,48,7,96,1221,24795,5486,11,15,2,2,2,2,4,3
1039,1,34,9,52,1107,3072,2742,15,2,2,2,2,2,1,0
1040,0,40,8,55,218,25178,13757,11,16,9,8,4,8,2,5
1041,0,28,5,84,866,23490,8463,18,6,5,4,1,3,0,4
1042,0,44,5,90,981,7973,3162,14,7,5,2,0,3,3,5
1043,0,53,2,39,447,19764,16598,12,35,9,8,8,8,4,2
1044,0,49,5,96,1495,21534,6651,14,20,3,2,1,2,2,0
1045,0,40,2,68,896,8045,2345,14,8,3,1,1,2,2,3
1046,0,44,20,49,1467,21158,3420,13,6,5,2,1,3,1,3
1047,0,33,7,54,430,17456,4373,14,5,4,3,0,3,0,2
1048,0,34,3,81,1326,15891,4759,18,15,13,9,3,12,3,2
1049,0,30,16,96,1358,2939,5301,15,4,2,1,2,2,8,2
1050,0,42,9,74,748,16458,3673,13,12,12,9,5,8,1,3
1051,0,44,1,79,383,9282,4768,12,11,1,0,0,0,7,4
1052,0,30,7,64,990,7152,1274,13,1,1,0,0,0,1,2
1053,0,57,1,93,405,2721,4900,24,13,12,9,2,8,0,2
1054,0,49,7,35,1490,20948,10466,14,29,8,7,0,7,3,3
1055,0,34,15,71,829,11929,17007,14,16,14,8,6,9,7,3
1056,1,28,1,92,1496,15747,2909,15,5,3,2,1,2,3,3
1057,1,29,13,51,115,17485,5765,11,7,5,3,0,0,5,4
1058,1,34,24,40,790,7815,4599,23,16,15,9,10,10,0,2
1059,0,35,7,76,660,16192,2404,13,1,1,0,0,0,1,3
1060,1,24,9,89,381,16998,3172,11,4,0,0,0,0,2,2
1061,0,24,13,78,830,7103,2033,13,1,1,0,0,0,1,2
1062,0,44,2,86,1193,19719,10209,18,16,2,2,2,2,5,2
1063,0,29,19,77,1246,23757,8620,14,10,10,7,0,4,1,3
1064,0,30,1,46,330,15428,2064,21,6,5,3,1,3,0,3
1065,0,55,4,30,1229,16143,4035,16,4,3,2,1,2,0,2
1066,0,33,4,82,1099,8192,3838,11,8,5,4,0,2,8,5
1067,0,47,14,78,571,24200,4591,17,11,5,4,1,2,3,4
1068,1,28,2,38,289,5355,2561,11,8,0,0,0,0,7,2
1069,0,28,1,72,1423,12530,1563,14,1,1,0,0,0,1,2
1070,0,28,7,55,467,11827,4898,14,5,4,2,1,3,0,5
1071,0,49,3,43,271,23070,4789,25,10,3,2,1,2,4,3
1072,0,29,2,97,410,4668,3180,13,4,3,2,0,2,0,3
1073,0,28,29,96,1083,3173,6549,14,8,8,6,1,7,1,2
1074,0,33,8,69,516,22049,6388,17,14,0,0,0,0,2,6
1075,0,32,10,64,495,21072,11244,25,10,5,2,0,0,2,5
1076,0,54,11,87,1050,24456,16032,20,26,14,9,1,12,3,2
1077,1,29,1,100,224,7568,2362,13,11,9,7,0,7,6,2
1078,0,44,28,32,136,22074,16328,13,24,20,6,14,17,3,1
1079,0,39,6,32,1089,9150,8376,18,9,2,0,2,2,4,3
1080,0,46,3,51,228,11380,16606,12,23,13,12,5,1,8,2
1081,0,35,16,91,1029,21195,8606,19,11,11,8,3,3,1,3
1082,0,23,20,97,507,24812,2272,14,5,4,3,1,2,0,2
1083,1,40,9,86,676,21831,2018,14,15,5,4,1,0,3,3
1084,0,34,1,64,971,12288,7083,14,10,10,9,8,6,1,3
1085,1,31,3,33,561,4156,4084,12,7,7,2,7,7,1,2
1086,0,50,22,88,333,24450,14411,13,32,32,6,13,9,1,2
1087,0,34,7,55,1440,4944,2308,25,12,11,10,5,7,0,4
1088,0,42,2,68,1210,24052,4841,14,4,1,0,0,0,4,3
1089,0,37,13,47,674,3031,4285,17,10,10,8,3,7,1,2
1090,0,29,8,39,441,7288,9715,13,9,7,7,0,7,3,3
1091,0,33,25,44,575,24152,4320,13,5,5,3,0,2,1,2
1092,0,45,28,97,950,4585,2132,20,8,5,4,0,3,4,3
1093,0,42,2,40,288,18611,10124,14,24,20,8,13,9,2,3
1094,0,40,9,47,1342,19345,5473,12,9,8,4,7,1,0,5
1095,0,33,28,79,589,22949,5207,12,15,15,14,5,7,1,3
1096,0,40,6,38,898,17381,16437,21,21,21,7,7,7,1,2
1097,0,24,21,57,350,10036,2296,14,2,1,1,0,0,0,3
1098,0,40,8,72,1142,8841,4069,18,8,2,2,2,2,3,2
1099,0,45,1,66,538,20933,7441,12,10,10,8,7,7,1,4
1100,0,35,28,98,1402,26204,2430,23,6,5,3,4,2,0,5
1101,0,32,5,67,824,15624,5878,12,12,7,1,2,5,3,2
1102,0,36,2,70,1157,17001,2644,21,7,3,2,1,2,3,3
1103,0,48,16,96,492,13693,6439,14,18,8,7,7,7,8,2
1104,0,29,9,91,598,22376,2451,18,5,1,0,0,0,6,2
1105,0,33,8,46,1242,10589,6392,13,8,2,2,2,2,2,6
1106,1,30,1,64,740,5323,9714,11,10,10,8,6,7,1,4
1107,0,38,10,71,888,14814,6077,11,10,6,3,1,2,3,2
1108,0,35,1,68,992,21731,2450,19,3,3,0,1,2,1,3
1109,0,30,29,33,1288,17799,9250,12,9,4,2,1,3,3,3
1110,1,35,2,69,104,26619,2074,12,1,1,0,0,0,1,2
1111,1,53,2,78,607,14618,10169,16,34,33,7,1,9,0,4
1112,1,38,2,81,903,7653,4855,11,7,5,2,1,4,4,2
1113,0,32,1,62,1200,25174,4087,14,9,6,5,1,2,4,3
1114,0,48,15,65,1108,16530,2367,12,10,8,2,7,6,8,3
1115,0,34,7,35,479,22061,2972,13,1,1,0,0,0,1,4
1116,0,55,26,60,685,23037,19586,21,36,36,6,2,13,1,3
1117,0,34,1,45,1351,13008,5484,17,9,2,2,2,1,9,3
1118,0,26,3,89,474,11133,2061,21,1,1,0,0,0,1,5
1119,0,38,14,80,1245,12355,9924,11,10,9,8,7,7,0,3
1120,0,38,16,90,437,16379,4198,12,8,3,2,1,2,2,5
1121,0,36,1,73,884,21447,6815,13,15,1,0,0,0,6,5
1122,0,29,3,87,1370,16213,4723,18,10,10,9,1,5,1,3
1123,0,35,10,51,670,4223,6142,16,10,5,2,0,4,3,4
1124,0,39,6,38,1462,4658,8237,11,11,7,6,7,6,2,3
1125,0,29,2,87,995,24483,8853,19,6,6,4,1,3,1,0
1126,0,50,9,59,264,19519,19331,16,27,1,0,0,0,4,2
1127,0,23,10,45,977,12826,2073,16,4,2,2,2,2,2,2
1128,0,36,6,80,1302,19711,5562,13,9,3,2,0,2,3,3
1129,0,42,9,93,1059,26362,19613,22,24,1,0,0,1,8,2
1130,0,35,28,46,750,25348,3407,17,10,10,9,6,8,1,3
1131,0,34,10,92,653,15332,5063,14,8,8,2,7,7,1,3
1132,0,40,14,84,118,11262,4639,15,5,5,4,1,2,1,2
1133,0,43,27,87,990,5855,4876,12,8,6,4,0,2,5,0
1134,0,35,7,63,1349,7713,2690,18,1,1,0,0,1,1,5
1135,0,46,1,56,563,3156,17567,15,27,26,0,0,12,1,5
1136,1,28,24,51,329,7324,2408,17,1,1,1,0,0,1,3
1137,0,22,26,85,457,10293,2814,14,4,4,2,1,3,1,2
1138,0,50,20,41,1234,20689,11245,15,32,30,8,12,13,2,3
1139,0,32,5,35,634,18783,3312,17,6,3,2,0,2,3,3
1140,0,44,7,31,1313,3549,19049,14,23,22,7,1,10,0,4
1141,0,30,7,48,241,5348,2141,12,6,6,4,1,1,1,3
1142,0,45,5,50,1015,23447,5769,14,10,10,7,1,4,1,3
1143,0,45,26,52,336,24162,4385,15,10,10,7,4,5,1,2
1144,0,31,2,54,715,21602,5332,13,10,5,2,0,3,7,3
1145,0,36,12,76,559,12421,4663,12,7,3,2,1,1,9,2
1146,0,34,10,42,426,17000,4724,13,9,9,7,7,2,1,3
1147,0,49,25,84,722,22102,3211,14,10,9,6,1,4,1,3
1148,0,39,10,76,1387,3835,5377,13,10,7,7,7,7,2,3
1149,0,27,19,67,1302,16290,4066,11,7,7,7,0,7,1,3
1150,0,35,18,48,819,26312,5208,11,16,16,15,1,10,1,2
1151,0,28,27,39,580,20460,4877,21,6,5,3,0,0,0,5
1152,0,21,5,97,546,26009,3117,18,3,2,2,2,2,1,2
1153,1,18,3,70,544,18420,1569,12,0,0,0,0,0,1,2
1154,0,47,26,98,1176,5220,19658,11,27,5,2,1,0,3,2
1155,0,39,3,76,170,10302,3069,15,11,10,8,0,7,0,3
1156,0,40,15,80,884,25800,10435,13,18,18,15,14,12,1,2
1157,0,35,8,52,208,12250,4148,12,15,14,11,2,9,1,5
1158,0,37,19,85,671,26493,5768,17,9,4,3,0,2,3,2
1159,0,39,4,81,711,3140,5042,13,10,9,2,3,8,0,2
1160,0,45,2,59,1329,5388,5770,19,10,10,7,3,9,1,3
1161,0,38,2,54,397,14199,7756,19,10,5,4,0,2,3,6
1162,1,35,10,55,737,21530,10306,17,15,13,12,6,0,9,3
1163,0,37,10,71,1470,9953,3936,11,8,8,4,7,7,1,2
1164,0,40,16,84,448,19948,7945,15,18,4,2,3,3,6,2
1165,0,44,1,37,602,10503,5743,11,14,10,7,0,2,4,3
1166,0,48,4,89,365,5602,15202,25,23,2,2,2,2,2,3
1167,1,35,15,59,763,22098,5440,14,7,2,2,2,2,6,2
1168,0,24,2,32,567,17218,3760,13,6,6,3,1,3,1,2
1169,0,27,8,86,486,22490,3517,17,5,3,2,0,2,7,0
1170,0,27,2,87,591,6297,2580,13,6,4,2,1,2,2,0
1171,1,40,7,73,1329,3339,2166,14,10,4,2,0,3,3,3
1172,0,29,10,42,469,23413,5869,11,8,5,2,1,4,9,2
1173,0,36,5,42,711,22792,8008,12,9,3,2,0,2,4,6
1174,0,25,2,77,772,4973,5206,17,7,7,7,0,7,1,6
1175,0,39,12,66,492,7693,5295,21,7,5,4,1,0,4,3
1176,0,49,22,72,301,3498,16413,16,27,4,2,1,2,3,2
1177,0,50,17,50,813,21981,13269,15,19,14,11,1,11,5,3
1178,0,20,2,31,1141,13251,2783,19,2,2,2,2,2,1,3
1179,0,34,3,66,1130,19332,5433,12,11,11,8,7,9,1,2
1180,0,36,7,77,311,10950,2013,11,15,4,3,1,3,2,4
1181,0,49,6,41,465,11652,13966,19,30,15,11,2,12,2,3
1182,0,36,1,33,894,15411,4374,15,4,3,2,1,2,0,6
1183,0,36,3,79,1040,26308,6842,20,13,5,4,0,4,6,3
1184,0,54,22,91,584,18685,17426,25,36,10,8,4,7,3,6
1185,0,43,15,65,1291,3525,17603,24,14,14,10,6,11,1,3
1186,1,35,12,36,880,10414,4581,24,13,11,9,6,7,3,2
1187,0,38,1,90,1189,9867,4735,15,19,13,11,2,9,7,4
1188,0,29,5,43,991,3356,4187,13,10,10,0,0,9,1,3
1189,0,33,2,93,392,3921,5505,14,6,6,2,0,4,1,5
1190,0,32,2,45,977,25518,5470,13,10,9,5,1,6,0,4
1191,0,31,5,67,1112,22589,5476,11,10,10,0,0,2,1,2
1192,0,49,16,74,464,24941,2587,16,17,2,2,2,2,4,2
1193,0,38,2,42,148,23826,2440,22,4,4,3,3,3,1,3
1194,0,47,2,47,1225,21086,15972,14,29,3,2,1,2,6,2
1195,0,49,1,36,809,22384,15379,14,23,8,7,0,0,4,2
1196,0,41,23,80,1206,11591,7082,16,21,2,0,0,2,3,2
1197,0,20,9,54,727,21082,2728,11,2,2,2,0,2,1,3
1198,0,33,16,36,530,16130,5368,25,7,6,5,1,2,1,2
1199,0,36,26,80,1351,7419,5347,14,10,3,2,0,2,6,2
1200,0,44,1,44,528,4167,3195,18,8,2,2,2,2,4,2
1201,1,23,8,93,1320,20586,3989,11,5,5,4,1,2,1,2
1202,0,38,4,87,1495,26176,3306,19,7,0,0,0,0,7,5
1203,0,53,24,48,1395,3458,7005,15,11,4,3,1,2,3,2
1204,1,48,7,95,708,11740,2655,11,19,9,7,7,7,2,3
1205,1,32,2,95,1259,24852,1393,12,1,1,0,0,0,1,2
1206,0,26,7,76,786,11925,2570,20,7,7,7,5,7,1,5
1207,0,55,22,94,1441,23737,3537,12,8,4,2,1,2,5,1
1208,0,34,5,57,1157,11912,3986,14,15,15,10,4,13,1,3
1209,0,60,1,92,370,20467,10883,20,19,1,0,0,0,3,2
1210,0,33,21,79,267,13637,2028,18,14,14,11,2,13,1,6
1211,0,37,1,31,1278,7677,9525,14,6,6,3,1,3,1,2
1212,0,34,19,35,678,20338,2929,12,10,10,9,8,7,1,3
1213,1,23,7,99,427,25103,2275,21,3,3,2,0,2,1,2
1214,0,44,2,96,921,14810,7879,19,9,8,7,6,7,1,2
1215,0,35,2,79,146,13970,4930,14,6,5,4,1,4,0,2
1216,0,43,2,73,1179,6069,7847,17,10,10,9,8,8,1,3
1217,0,24,9,62,581,17616,4401,16,5,5,3,0,4,1,1
1218,0,41,6,35,918,15869,9241,12,10,10,8,8,7,1,3
1219,0,29,9,43,1082,25412,2974,17,9,5,3,1,2,9,2
1220,0,36,2,51,530,7439,4502,15,17,13,7,6,7,3,2
1221,0,45,1,74,1238,3395,10748,23,25,23,15,14,4,3,3
1222,1,24,22,58,240,11585,1555,11,1,1,0,0,0,1,2
1223,1,47,9,82,1093,24164,12936,11,25,23,5,14,10,7,3
1224,0,26,17,62,390,6217,2305,15,3,3,2,0,2,1,3
1225,0,45,28,48,1005,17119,16704,11,21,21,6,8,6,1,2
1226,0,32,10,56,585,17360,3433,13,10,5,2,1,3,6,3
1227,0,31,2,69,741,18103,3477,14,6,5,2,0,3,1,2
1228,0,41,4,60,552,20794,6430,19,10,3,2,1,2,6,4
1229,0,40,8,92,369,5041,6516,16,18,1,0,0,0,2,3
1230,0,24,29,91,506,3622,3907,13,6,6,2,1,2,1,2
1231,0,46,13,34,717,9697,5562,14,19,10,7,0,9,6,3
1232,0,35,27,49,1370,5151,6883,16,17,7,7,0,7,2,3
1233,0,30,16,33,793,3811,2862,12,10,10,0,0,8,1,2
1234,0,47,2,87,543,3536,4978,11,4,1,0,0,0,7,3
1235,0,46,2,74,1277,5596,10368,12,13,10,6,0,3,4,5
1236,1,36,13,96,1456,8658,6134,13,16,2,2,2,2,5,3
1237,1,32,1,34,964,12147,6735,15,10,0,0,0,0,6,2
1238,0,23,4,51,160,12862,3295,13,3,3,2,1,2,1,3
1239,0,31,24,30,163,6670,5238,20,9,5,4,1,4,2,3
1240,0,39,1,77,792,8989,6472,15,9,9,8,5,8,1,2
1241,0,32,19,80,371,3840,9610,13,10,4,3,0,2,3,2
1242,0,40,7,88,611,4349,19833,14,21,21,8,12,8,1,3
1243,0,45,4,56,176,6595,9756,21,9,5,0,0,3,4,2
1244,0,30,2,78,1312,26427,4968,16,10,9,7,0,7,0,2
1245,0,24,10,59,897,2097,2145,14,3,2,2,2,1,0,2
1246,1,30,8,66,600,9732,2180,11,6,4,2,1,2,6,0
1247,0,31,5,51,1003,20943,8346,19,6,5,2,0,2,1,3
1248,0,27,8,67,1054,6152,3445,11,6,6,2,1,4,1,5
1249,1,29,9,52,428,14630,2760,13,2,2,2,2,2,1,3
1250,0,29,1,70,461,23060,6294,12,10,3,2,0,2,8,5
1251,0,30,15,94,979,3088,7140,11,12,7,7,1,7,2,2
1252,0,34,2,97,181,5586,2932,14,6,5,0,1,2,0,3
1253,0,33,2,62,1283,10697,5147,15,13,11,7,1,7,8,2
1254,0,49,11,80,1313,8191,4507,12,8,5,1,0,4,3,1
1255,1,33,16,74,211,10092,8564,20,11,0,0,0,0,2,2
1256,0,38,2,75,594,15963,2468,14,9,6,1,0,5,4,4
1257,1,31,16,70,1079,19002,8161,13,10,1,0,0,0,2,2
1258,0,29,4,91,590,10007,2109,13,1,1,0,0,0,1,2
1259,0,30,16,58,305,9128,5294,16,10,7,0,1,7,3,3
1260,0,32,5,65,953,17674,2718,14,12,7,7,0,7,2,3
1261,0,38,18,60,833,24539,5811,16,15,1,0,1,0,3,2
1262,1,43,17,38,807,15587,2437,16,6,1,0,0,0,9,4
1263,0,42,12,57,855,8952,2766,22,7,5,3,0,4,8,6
1264,0,55,2,60,478,19805,19038,12,34,1,0,0,0,8,2
1265,0,33,4,90,775,6194,3055,15,11,9,8,1,7,5,2
1266,0,41,9,94,548,20520,2289,20,5,5,3,0,4,1,2
1267,0,34,10,87,1375,12313,4001,14,15,15,14,0,7,1,3
1268,0,53,1,60,661,22308,12965,20,27,3,2,0,2,4,2
1269,0,43,2,97,244,5033,3539,13,10,9,7,1,8,0,5
1270,0,34,3,32,511,25353,6029,12,6,2,2,2,2,5,3
1271,1,21,7,31,337,4567,2679,13,1,1,0,1,0,1,3
1272,0,38,6,40,1153,16376,3702,11,5,5,4,0,4,1,3
1273,1,22,8,79,1294,15999,2398,17,1,1,0,0,0,1,6
1274,0,31,29,91,196,13402,5468,14,13,12,7,5,7,1,3
1275,0,51,3,53,942,22984,13116,11,15,2,2,2,2,2,2
1276,0,37,9,46,589,8800,4189,14,5,5,2,0,3,1,2
1277,0,46,2,46,734,14218,19328,17,24,2,1,2,2,7,3
1278,0,36,10,90,1383,25949,8321,13,15,12,8,5,7,7,1
1279,1,44,1,99,429,11092,2342,12,6,5,3,2,3,1,2
1280,0,37,8,89,1239,12832,4071,13,19,10,0,4,7,2,4
1281,1,35,27,84,303,13492,5813,18,10,10,7,7,7,1,2
1282,0,33,8,90,867,6076,3143,19,14,10,8,7,6,6,1
1283,0,28,1,82,1181,5531,2044,11,5,5,3,0,3,1,6
1284,0,39,10,65,1253,7914,13464,21,9,4,3,2,2,7,3
1285,0,46,26,98,849,25166,7991,15,6,2,2,2,2,8,3
1286,0,40,2,99,616,25605,3377,17,7,4,3,0,2,4,5
1287,0,42,13,95,1128,5696,5538,18,10,0,0,0,0,5,2
1288,0,35,2,90,1180,24442,5762,14,15,7,7,1,7,2,6
1289,0,38,2,100,1336,7129,2592,13,13,11,10,3,8,5,3
1290,1,34,9,93,234,6208,5346,17,11,7,1,0,7,4,3
1291,1,37,10,58,370,4992,4213,15,10,10,3,0,8,1,4
1292,0,39,20,83,766,19188,4127,18,7,2,1,2,2,2,6
1293,0,43,9,52,343,24978,2438,13,7,3,2,1,2,4,2
1294,0,41,5,85,447,15530,6870,12,11,3,2,1,2,3,3
1295,0,41,4,81,796,26458,10447,13,23,22,14,13,5,0,3
1296,0,30,10,64,1092,2739,9667,14,9,7,7,0,2,9,3
1297,1,26,20,69,920,6889,2148,11,6,5,1,1,4,0,3
1298,1,46,21,66,261,10842,8926,22,13,9,7,3,7,4,2
1299,0,40,1,52,1194,9060,6513,17,12,5,3,0,3,4,3
1300,0,34,8,92,810,22128,6799,21,10,10,8,4,8,1,5
1301,0,58,2,52,350,22577,16291,22,37,16,9,14,14,4,0
1302,0,35,23,91,185,9696,2705,16,6,5,4,0,3,0,2
1303,0,47,4,92,1001,19271,10333,12,28,22,11,14,10,8,4
1304,0,40,12,47,750,10748,4448,12,15,7,4,7,7,2,3
1305,0,54,7,68,431,15696,6854,15,14,7,1,1,7,4,2
1306,0,31,7,68,1125,8277,9637,14,9,3,2,2,2,2,3
1307,0,28,1,67,1217,12719,3591,25,3,3,2,1,2,1,3
1308,0,38,2,77,723,4244,5405,20,20,4,2,0,3,2,4
1309,0,26,10,46,572,9125,4684,13,5,5,3,1,2,1,4
1310,0,58,15,87,1216,21624,15787,14,23,2,2,2,2,2,3
1311,0,18,14,33,1431,8018,1514,16,0,0,0,0,0,1,4
1312,1,31,18,89,359,21495,2956,17,2,1,0,0,0,0,4
1313,1,29,13,56,350,3157,2335,15,4,2,2,2,0,4,3
1314,0,45,2,67,589,19665,5154,22,10,8,7,5,7,4,3
1315,0,36,2,73,430,19573,6962,22,15,1,0,0,0,4,2
1316,0,43,2,92,1422,19246,5675,20,7,7,7,7,7,1,5
1317,0,27,5,53,1297,19826,2379,14,6,5,4,0,2,0,3
1318,0,29,20,40,574,7003,3812,13,11,11,8,3,10,1,3
1319,0,32,10,79,1318,26075,4648,13,4,0,0,0,0,8,2
1320,0,42,10,38,355,6161,2936,22,10,6,3,3,3,3,1
1321,0,47,9,64,207,5411,2105,12,7,2,2,2,0,4,2
1322,0,46,2,82,706,19989,8578,14,12,9,8,4,7,3,4
1323,0,28,1,43,280,10494,2706,15,3,3,2,2,2,1,2
1324,0,29,29,93,726,21143,6384,17,11,7,0,1,6,8,3
1325,0,42,8,81,1142,13624,3968,13,8,0,0,0,0,4,3
1326,1,32,2,82,414,26186,9907,12,7,2,2,2,2,7,3
1327,0,46,3,45,1319,7739,13225,12,25,19,17,2,8,2,5
1328,0,27,23,36,728,7018,3540,21,9,9,8,5,8,1,5
1329,0,29,6,87,352,15434,2804,11,1,1,0,0,0,1,3
1330,0,43,6,81,823,22539,19392,13,21,16,12,6,14,7,2
1331,0,48,10,91,1224,13583,19665,12,29,22,10,12,9,4,3
1332,1,29,24,73,459,14753,2439,24,1,1,0,1,0,1,3
1333,1,46,10,64,1254,14011,7314,21,14,8,7,0,7,5,2
1334,0,27,15,77,1131,23844,4774,19,8,7,6,7,3,0,2
1335,0,39,19,41,835,5141,3902,14,7,2,2,2,2,8,2
1336,0,55,2,98,836,7975,2662,20,19,5,2,0,4,8,2
1337,0,28,3,78,1172,3692,2856,19,1,1,0,0,0,1,3
1338,1,30,9,89,945,16019,1081,13,1,1,0,0,0,1,3
1339,1,22,7,75,391,26092,2472,23,1,1,0,0,0,1,2
1340,0,36,10,63,1266,6060,5673,13,10,10,9,1,7,1,4
1341,0,31,20,89,311,18624,4197,11,10,10,8,0,2,1,2
1342,0,34,4,64,1480,24444,9713,13,9,5,3,1,0,2,3
1343,0,29,7,59,592,19384,2062,14,11,3,2,1,2,3,2
1344,0,37,7,78,783,13588,4284,22,16,5,3,0,4,5,2
1345,0,35,16,44,219,25388,4788,11,4,3,2,0,2,0,2
1346,0,45,25,93,556,23888,5906,13,10,9,8,3,8,0,2
1347,0,36,2,94,1213,4223,3886,21,10,10,1,0,8,1,2
1348,0,40,1,98,1137,18991,16823,11,22,19,7,11,16,2,3
1349,0,26,1,90,482,14908,2933,13,1,1,0,1,0,1,3
1350,0,27,2,89,511,26997,6500,14,9,8,7,0,7,0,5
1351,0,48,22,58,117,2437,17174,11,24,22,17,4,7,3,3
1352,0,44,1,78,170,9364,5033,15,10,2,0,2,2,2,5
1353,1,34,16,85,967,14460,2307,23,5,5,2,3,0,1,2
1354,1,56,24,97,1162,10261,2587,16,5,4,2,1,0,1,3
1355,0,36,17,33,335,16822,5507,16,12,4,2,1,3,2,1
1356,0,41,8,54,337,26841,4393,21,14,5,4,1,4,5,3
1357,0,42,6,83,1396,14842,13348,13,18,13,7,5,7,9,3
1358,0,31,10,86,1079,20115,6583,11,8,5,2,1,4,2,2
1359,0,34,3,75,735,16495,8103,12,9,4,2,0,1,3,3
1360,0,31,4,62,471,16031,3978,12,4,2,2,2,2,8,0
1361,0,26,6,61,1096,7102,2544,18,8,7,7,7,7,0,3
1362,0,45,1,44,1297,14511,5399,12,12,4,2,0,3,4,3
1363,0,33,10,43,217,10410,5487,14,10,10,4,0,9,1,2
1364,0,28,1,42,783,19255,6834,12,7,7,7,0,7,1,2
1365,1,29,24,45,746,10642,1091,17,1,1,0,0,0,1,3
1366,0,39,21,32,1251,3987,5736,19,10,3,2,1,2,6,1
1367,0,27,2,41,1354,6073,2226,11,6,5,3,1,2,1,3
1368,0,34,22,86,735,26496,5747,15,16,15,10,6,11,1,3
1369,1,28,13,84,1475,23352,9854,11,6,2,0,2,2,3,0
1370,0,47,14,64,1169,2125,5467,18,16,8,7,1,7,8,4
1371,0,56,11,89,1443,20328,5380,16,6,0,0,0,0,4,3
1372,0,39,9,87,867,12315,5151,25,10,10,0,7,9,1,3
1373,0,38,8,58,1394,18115,2133,16,20,20,11,0,7,1,3
1374,0,58,21,72,605,11761,17875,13,29,1,0,0,0,4,2
1375,1,32,5,47,238,15318,2432,14,8,4,1,0,3,3,2
1376,0,38,9,71,1206,14293,4771,19,10,5,2,0,3,2,0
1377,0,49,2,42,1064,13738,19161,15,28,5,4,4,3,3,3
1378,0,42,12,77,419,2900,5087,12,14,0,0,0,0,3,4
1379,1,27,22,58,1337,19555,2863,12,1,1,0,0,0,1,2
1380,0,35,18,71,682,15975,5561,16,6,5,3,0,4,0,2
1381,0,28,16,49,1103,2122,2144,14,5,5,3,1,4,1,3
1382,0,31,3,48,976,3995,3065,13,4,4,2,2,3,1,3
1383,0,36,9,66,1351,9238,2810,22,5,5,4,0,2,1,3
1384,0,34,1,32,937,6770,9888,21,14,14,8,2,1,1,3
1385,0,34,13,39,1239,22914,8628,18,9,8,7,1,1,1,2
1386,0,26,1,95,157,20006,2867,13,8,7,7,7,6,0,6
1387,0,29,1,89,136,6225,5373,12,6,5,3,0,2,0,5
1388,0,32,15,34,1146,16542,6667,18,9,5,1,1,2,5,6
1389,0,31,1,48,1125,5771,5003,21,10,10,8,8,7,1,6
1390,1,28,17,32,1404,18779,2367,12,6,4,1,0,3,5,2
1391,0,38,1,59,1404,11473,2858,14,20,1,0,0,0,4,3
1392,0,35,7,55,1224,13586,5204,11,10,10,8,0,9,1,2
1393,0,27,9,44,954,5099,4105,14,7,7,7,0,7,1,5
1394,0,32,5,56,1373,10138,9679,24,8,1,0,0,0,8,1
1395,1,31,26,63,754,21075,5617,11,10,10,7,0,8,1,4
1396,1,53,24,66,1168,5843,10448,13,15,2,2,2,2,6,2
1397,0,54,9,67,155,22474,2897,11,9,4,3,2,3,3,6
1398,0,33,7,36,1303,18079,5968,20,9,9,7,2,8,1,2
1399,0,43,11,30,574,16873,7510,17,10,10,9,0,9,1,1
1400,0,38,1,88,1444,5224,2991,11,7,6,2,1,2,0,2
1401,0,55,26,71,189,25811,19636,18,35,10,9,1,4,4,0
1402,0,31,2,59,1276,17536,1129,11,1,1,0,0,0,1,4
1403,0,39,15,77,119,25098,13341,12,21,20,8,11,10,0,3
1404,0,42,23,37,335,14811,4332,12,20,20,9,3,7,1,2
1405,0,31,10,40,697,26862,11031,20,13,11,7,4,8,4,2
1406,0,54,10,77,157,25198,4440,19,9,5,2,1,4,6,3
1407,0,24,1,45,771,14120,4617,12,4,4,3,1,2,1,2
1408,0,23,12,78,571,13672,2647,13,5,5,2,1,4,1,6
1409,0,40,11,73,692,26849,6323,11,10,10,9,9,4,1,2
1410,0,40,2,92,444,4258,5677,14,15,11,8,5,10,3,4
1411,0,25,2,82,309,19655,2187,14,6,2,0,1,2,4,3
1412,0,30,1,76,911,4077,3748,13,12,12,8,1,7,1,6
1413,0,25,2,57,977,7298,3977,19,7,2,2,0,2,6,2
1414,0,47,25,84,1180,13084,8633,23,25,17,14,12,11,2,3
1415,0,33,1,59,1313,20439,2008,12,1,1,1,0,0,1,2
1416,0,38,1,86,1321,7636,4440,15,16,15,13,5,8,0,3
1417,0,31,2,54,1154,6393,3067,19,3,2,2,1,2,0,1
1418,0,38,6,72,508,14284,5321,11,10,8,3,7,7,2,1
1419,0,42,18,35,557,11189,5410,17,9,4,3,1,2,6,3
1420,0,41,1,76,642,21412,2782,22,12,5,3,1,0,3,3
1421,0,47,1,98,1162,17231,11957,18,14,13,8,5,12,0,3
1422,0,35,11,43,1490,20232,2660,11,5,2,2,2,2,7,3
1423,0,22,1,63,581,17624,3375,12,4,3,2,1,2,0,2
1424,0,35,9,48,1395,18698,5098,19,10,10,7,0,8,1,5
1425,0,33,15,95,501,21653,4878,13,10,9,7,8,1,0,6
1426,0,32,29,49,267,15919,2837,13,6,6,2,4,1,1,3
1427,0,40,1,83,543,4060,2406,19,8,1,0,0,0,8,3
1428,0,32,1,68,234,18024,2269,14,3,2,2,2,2,0,2
1429,0,39,24,52,116,5340,4108,13,18,7,7,1,7,7,2
1430,0,38,10,99,201,3376,13206,12,20,18,16,1,11,3,3
1431,0,32,1,48,801,24032,10422,19,14,14,10,5,7,1,3
1432,0,37,10,42,161,15471,13744,25,16,16,11,6,8,1,2
1433,0,25,8,85,1382,13684,4907,22,6,5,3,0,4,0,3
1434,0,52,29,40,585,19788,3482,15,16,9,8,0,0,2,3
1435,0,44,1,42,1037,13422,2436,12,6,4,3,1,2,6,2
1436,0,21,5,58,501,25479,2380,11,2,2,2,1,2,1,6
1437,0,39,9,87,105,15302,19431,13,21,6,0,1,3,2,3
1438,1,23,9,33,638,26956,1790,19,1,1,0,1,0,1,3
1439,0,36,3,94,557,12695,7644,19,10,9,7,3,4,0,2
1440,0,36,4,97,688,9192,5131,13,18,4,2,0,2,7,3
1441,0,56,1,57,667,26236,6306,21,13,13,12,1,9,1,2
1442,1,29,1,36,1092,26124,4787,14,4,2,2,2,2,9,3
1443,0,42,2,56,300,17312,18880,11,24,22,6,4,14,5,2
1444,1,56,7,72,310,3666,2339,11,14,10,9,9,8,8,4
1445,0,41,28,60,582,5640,13570,23,21,20,7,0,10,0,3
1446,0,34,28,95,704,8978,6712,21,8,8,7,1,7,1,2
1447,0,36,15,88,301,10436,5406,24,15,15,12,11,11,1,4
1448,0,41,3,57,930,12227,8938,11,14,5,4,0,4,2,5
1449,0,32,2,78,529,11288,2439,14,4,4,2,1,2,1,4
1450,0,35,26,31,1146,16642,8837,16,9,9,0,1,7,1,2
1451,0,38,10,100,345,5982,5343,11,10,10,7,1,9,1,1
1452,1,50,1,94,878,14255,6728,12,12,6,3,0,1,7,3
1453,0,36,11,100,1120,14369,6652,13,8,6,3,0,0,4,2
1454,0,45,20,50,374,23333,4850,15,8,5,3,0,1,8,3
1455,0,40,2,52,1322,2725,2809,14,8,2,2,2,2,2,2
1456,0,35,18,80,1199,24594,5689,14,10,10,2,0,2,1,2
1457,0,40,2,98,1194,12549,2001,14,20,5,3,0,2,2,2
1458,0,35,1,62,287,8952,2977,12,4,4,3,1,1,1,5
1459,0,29,13,46,1378,23679,4025,13,10,4,3,0,3,4,2
1460,0,29,28,73,468,8489,3785,14,5,5,4,0,4,1,3
1461,1,50,28,39,410,16586,10854,13,20,3,2,2,0,4,3
1462,0,39,24,60,722,8828,12031,11,21,20,9,9,6,0,2
1463,0,31,5,74,325,3787,9936,19,10,9,4,1,7,0,2
1464,0,26,5,30,1167,21378,2966,18,5,4,2,0,0,0,2
1465,0,36,23,41,884,12290,2571,17,17,5,2,0,3,4,3
1466,0,39,6,42,613,21457,9991,15,9,7,7,1,7,4,5
1467,0,27,4,87,155,5174,6142,20,6,6,2,0,3,1,0
1468,0,49,2,63,1023,13243,5390,14,17,9,6,0,8,2,3
1469,0,34,8,82,628,10228,4404,12,6,4,3,1,2,2,3
